Kod,Tanim,DBName
01,01,Antrepo20
015,015,Antrepo20
017,017,Antrepo20
032,032,Antrepo20
037,037,Antrepo20
089,089,Antrepo20
10,10,Antrepo20
1003,1003,Antrepo20
106,106,Antrepo20
113,113,Antrepo20
1235,1235,Antrepo20
129,129,Antrepo20
133,133,Antrepo20
1375,1375,Antrepo20
15,15,Antrepo20
1505,1505,Antrepo20
1657,1657,Antrepo20
170,170,Antrepo20
175,175,Antrepo20
179,179,Antrepo20
192,192,Antrepo20
193,193,Antrepo20
194,194,Antrepo20
195,195,Antrepo20
23,23,Antrepo20
2337,2337,Antrepo20
237,237,Antrepo20
260,260,Antrepo20
261,261,Antrepo20
2658,2658,Antrepo20
294,294,Antrepo20
300,300,Antrepo20
3030,3030,Antrepo20
305,305,Antrepo20
306,306,Antrepo20
337,337,Antrepo20
347,347,Antrepo20
37,37,Antrepo20
370,370,Antrepo20
373,373,Antrepo20
378,378,Antrepo20
394,394,Antrepo20
411,411,Antrepo20
438,438,Antrepo20
443,443,Antrepo20
465,465,Antrepo20
466,466,Antrepo20
472,472,Antrepo20
572,572,Antrepo20
579,579,Antrepo20
589,589,Antrepo20
6558,6558,Antrepo20
695,695,Antrepo20
701,701,Antrepo20
744,744,Antrepo20
744?,744?,Antrepo20
779,779,Antrepo20
82448,82448,Antrepo20
89,89,Antrepo20
940,940,Antrepo20
Cabani Erkek Kemer Detaylı Light Taban Günlük Ayakkabı 5195,Cabani Erkek Kemer Detaylı Light Taban Günlük Ayakkabı 5195,Antrepo20
Cabani Fiyonklu Loafer Erkek Ayakkabı 113376 ,Cabani Fiyonklu Loafer Erkek Ayakkabı 113376 ,Antrepo20
Cabani Fiyonklu Loafer Erkek Ayakkabı 113376 Siyah,Cabani Fiyonklu Loafer Erkek Ayakkabı 113376 Siyah,Antrepo20
Cabani Özel Tasarım Kadın Çizme 5171SA ,Cabani Özel Tasarım Sıcak Astar Kadın Çizme 5171SA ,Antrepo20
Cabani Özel Tasarım Sıcak Astar Kadın Çizme 3 cm Topuklu 5064SA,Cabani Özel Tasarım Sıcak Astar Kadın Çizme 3 cm Topuklu 5064SA,Antrepo20
Cabani Özel Tasarım Sıcak Astar Kadın Çizme 8 cm Topuklu 5041SA,Cabani Özel Tasarım Sıcak Astar Kadın Çizme 8 cm Topuklu 5041SA,Antrepo20
Fsn,Fsn,Antrepo20
GNL,GNL,Antrepo20
HE950,HE950,Antrepo20
Kadın Günlük Bot 3302SA,Kadın Günlük Bot 3302SA,Antrepo20
Kalıp Girmelisin.,Kalıp Girmelisin.,Antrepo20
Kalıp GRİLMEMİŞ,Kalıp GRİLMEMİŞ,Antrepo20
KULLANMA,KULLANMA,Antrepo20
R209,R209,Antrepo20
SOR ,SOR ,Antrepo20
01,01,Cabani20
015,015,Cabani20
017,017,Cabani20
032,032,Cabani20
037,037,Cabani20
089,089,Cabani20
10,10,Cabani20
1003,1003,Cabani20
106,106,Cabani20
113,113,Cabani20
1235,1235,Cabani20
129,129,Cabani20
133,133,Cabani20
1375,1375,Cabani20
15,15,Cabani20
1505,1505,Cabani20
1657,1657,Cabani20
170,170,Cabani20
175,175,Cabani20
179,179,Cabani20
192,192,Cabani20
193,193,Cabani20
194,194,Cabani20
195,195,Cabani20
23,23,Cabani20
2337,2337,Cabani20
237,237,Cabani20
260,260,Cabani20
261,261,Cabani20
2658,2658,Cabani20
294,294,Cabani20
300,300,Cabani20
3030,3030,Cabani20
305,305,Cabani20
306,306,Cabani20
337,337,Cabani20
347,347,Cabani20
37,37,Cabani20
370,370,Cabani20
373,373,Cabani20
378,378,Cabani20
394,394,Cabani20
411,411,Cabani20
438,438,Cabani20
443,443,Cabani20
465,465,Cabani20
466,466,Cabani20
472,472,Cabani20
572,572,Cabani20
579,579,Cabani20
589,589,Cabani20
6558,6558,Cabani20
695,695,Cabani20
701,701,Cabani20
744,744,Cabani20
744?,744?,Cabani20
779,779,Cabani20
82448,82448,Cabani20
89,89,Cabani20
940,940,Cabani20
Cabani Erkek Kemer Detaylı Light Taban Günlük Ayakkabı 5195,Cabani Erkek Kemer Detaylı Light Taban Günlük Ayakkabı 5195,Cabani20
Cabani Fiyonklu Loafer Erkek Ayakkabı 113376 ,Cabani Fiyonklu Loafer Erkek Ayakkabı 113376 ,Cabani20
Cabani Fiyonklu Loafer Erkek Ayakkabı 113376 Siyah,Cabani Fiyonklu Loafer Erkek Ayakkabı 113376 Siyah,Cabani20
Cabani Özel Tasarım Kadın Çizme 5171SA ,Cabani Özel Tasarım Sıcak Astar Kadın Çizme 5171SA ,Cabani20
Cabani Özel Tasarım Sıcak Astar Kadın Çizme 3 cm Topuklu 5064SA,Cabani Özel Tasarım Sıcak Astar Kadın Çizme 3 cm Topuklu 5064SA,Cabani20
Cabani Özel Tasarım Sıcak Astar Kadın Çizme 8 cm Topuklu 5041SA,Cabani Özel Tasarım Sıcak Astar Kadın Çizme 8 cm Topuklu 5041SA,Cabani20
Fsn,Fsn,Cabani20
GNL,GNL,Cabani20
HE950,HE950,Cabani20
Kadın Günlük Bot 3302SA,Kadın Günlük Bot 3302SA,Cabani20
Kalıp Girmelisin.,Kalıp Girmelisin.,Cabani20
Kalıp GRİLMEMİŞ,Kalıp GRİLMEMİŞ,Cabani20
KULLANMA,KULLANMA,Cabani20
R209,R209,Cabani20
SOR ,SOR ,Cabani20
01,01,KORGUNYAZILIM1910
015,015,KORGUNYAZILIM1910
017,017,KORGUNYAZILIM1910
032,032,KORGUNYAZILIM1910
037,037,KORGUNYAZILIM1910
089,089,KORGUNYAZILIM1910
10,10,KORGUNYAZILIM1910
1003,1003,KORGUNYAZILIM1910
106,106,KORGUNYAZILIM1910
113,113,KORGUNYAZILIM1910
1235,1235,KORGUNYAZILIM1910
129,129,KORGUNYAZILIM1910
133,133,KORGUNYAZILIM1910
1375,1375,KORGUNYAZILIM1910
15,15,KORGUNYAZILIM1910
1505,1505,KORGUNYAZILIM1910
1657,1657,KORGUNYAZILIM1910
170,170,KORGUNYAZILIM1910
175,175,KORGUNYAZILIM1910
179,179,KORGUNYAZILIM1910
192,192,KORGUNYAZILIM1910
193,193,KORGUNYAZILIM1910
194,194,KORGUNYAZILIM1910
195,195,KORGUNYAZILIM1910
23,23,KORGUNYAZILIM1910
2337,2337,KORGUNYAZILIM1910
237,237,KORGUNYAZILIM1910
260,260,KORGUNYAZILIM1910
261,261,KORGUNYAZILIM1910
2658,2658,KORGUNYAZILIM1910
294,294,KORGUNYAZILIM1910
300,300,KORGUNYAZILIM1910
3030,3030,KORGUNYAZILIM1910
305,305,KORGUNYAZILIM1910
306,306,KORGUNYAZILIM1910
337,337,KORGUNYAZILIM1910
347,347,KORGUNYAZILIM1910
37,37,KORGUNYAZILIM1910
370,370,KORGUNYAZILIM1910
373,373,KORGUNYAZILIM1910
378,378,KORGUNYAZILIM1910
394,394,KORGUNYAZILIM1910
411,411,KORGUNYAZILIM1910
438,438,KORGUNYAZILIM1910
443,443,KORGUNYAZILIM1910
465,465,KORGUNYAZILIM1910
466,466,KORGUNYAZILIM1910
472,472,KORGUNYAZILIM1910
572,572,KORGUNYAZILIM1910
579,579,KORGUNYAZILIM1910
589,589,KORGUNYAZILIM1910
6558,6558,KORGUNYAZILIM1910
695,695,KORGUNYAZILIM1910
701,701,KORGUNYAZILIM1910
744,744,KORGUNYAZILIM1910
744?,744?,KORGUNYAZILIM1910
779,779,KORGUNYAZILIM1910
82448,82448,KORGUNYAZILIM1910
89,89,KORGUNYAZILIM1910
940,940,KORGUNYAZILIM1910
Cabani Erkek Kemer Detaylı Light Taban Günlük Ayakkabı 5195,Cabani Erkek Kemer Detaylı Light Taban Günlük Ayakkabı 5195,KORGUNYAZILIM1910
Cabani Fiyonklu Loafer Erkek Ayakkabı 113376 ,Cabani Fiyonklu Loafer Erkek Ayakkabı 113376 ,KORGUNYAZILIM1910
Cabani Fiyonklu Loafer Erkek Ayakkabı 113376 Siyah,Cabani Fiyonklu Loafer Erkek Ayakkabı 113376 Siyah,KORGUNYAZILIM1910
Cabani Özel Tasarım Kadın Çizme 5171SA ,Cabani Özel Tasarım Sıcak Astar Kadın Çizme 5171SA ,KORGUNYAZILIM1910
Cabani Özel Tasarım Sıcak Astar Kadın Çizme 3 cm Topuklu 5064SA,Cabani Özel Tasarım Sıcak Astar Kadın Çizme 3 cm Topuklu 5064SA,KORGUNYAZILIM1910
Cabani Özel Tasarım Sıcak Astar Kadın Çizme 8 cm Topuklu 5041SA,Cabani Özel Tasarım Sıcak Astar Kadın Çizme 8 cm Topuklu 5041SA,KORGUNYAZILIM1910
Fsn,Fsn,KORGUNYAZILIM1910
GNL,GNL,KORGUNYAZILIM1910
HE950,HE950,KORGUNYAZILIM1910
Kadın Günlük Bot 3302SA,Kadın Günlük Bot 3302SA,KORGUNYAZILIM1910
Kalıp Girmelisin.,Kalıp Girmelisin.,KORGUNYAZILIM1910
Kalıp GRİLMEMİŞ,Kalıp GRİLMEMİŞ,KORGUNYAZILIM1910
KULLANMA,KULLANMA,KORGUNYAZILIM1910
R209,R209,KORGUNYAZILIM1910
SOR ,SOR ,KORGUNYAZILIM1910
01,01,KORGUNYAZILIM2210
015,015,KORGUNYAZILIM2210
017,017,KORGUNYAZILIM2210
032,032,KORGUNYAZILIM2210
037,037,KORGUNYAZILIM2210
089,089,KORGUNYAZILIM2210
10,10,KORGUNYAZILIM2210
1003,1003,KORGUNYAZILIM2210
106,106,KORGUNYAZILIM2210
113,113,KORGUNYAZILIM2210
1235,1235,KORGUNYAZILIM2210
129,129,KORGUNYAZILIM2210
133,133,KORGUNYAZILIM2210
1375,1375,KORGUNYAZILIM2210
15,15,KORGUNYAZILIM2210
1505,1505,KORGUNYAZILIM2210
1657,1657,KORGUNYAZILIM2210
170,170,KORGUNYAZILIM2210
175,175,KORGUNYAZILIM2210
179,179,KORGUNYAZILIM2210
192,192,KORGUNYAZILIM2210
193,193,KORGUNYAZILIM2210
194,194,KORGUNYAZILIM2210
195,195,KORGUNYAZILIM2210
23,23,KORGUNYAZILIM2210
2337,2337,KORGUNYAZILIM2210
237,237,KORGUNYAZILIM2210
260,260,KORGUNYAZILIM2210
261,261,KORGUNYAZILIM2210
2658,2658,KORGUNYAZILIM2210
294,294,KORGUNYAZILIM2210
300,300,KORGUNYAZILIM2210
3030,3030,KORGUNYAZILIM2210
305,305,KORGUNYAZILIM2210
306,306,KORGUNYAZILIM2210
337,337,KORGUNYAZILIM2210
347,347,KORGUNYAZILIM2210
37,37,KORGUNYAZILIM2210
370,370,KORGUNYAZILIM2210
373,373,KORGUNYAZILIM2210
378,378,KORGUNYAZILIM2210
394,394,KORGUNYAZILIM2210
411,411,KORGUNYAZILIM2210
438,438,KORGUNYAZILIM2210
443,443,KORGUNYAZILIM2210
465,465,KORGUNYAZILIM2210
466,466,KORGUNYAZILIM2210
472,472,KORGUNYAZILIM2210
572,572,KORGUNYAZILIM2210
579,579,KORGUNYAZILIM2210
589,589,KORGUNYAZILIM2210
6558,6558,KORGUNYAZILIM2210
695,695,KORGUNYAZILIM2210
701,701,KORGUNYAZILIM2210
744,744,KORGUNYAZILIM2210
744?,744?,KORGUNYAZILIM2210
779,779,KORGUNYAZILIM2210
82448,82448,KORGUNYAZILIM2210
89,89,KORGUNYAZILIM2210
940,940,KORGUNYAZILIM2210
Cabani Erkek Kemer Detaylı Light Taban Günlük Ayakkabı 5195,Cabani Erkek Kemer Detaylı Light Taban Günlük Ayakkabı 5195,KORGUNYAZILIM2210
Cabani Fiyonklu Loafer Erkek Ayakkabı 113376 ,Cabani Fiyonklu Loafer Erkek Ayakkabı 113376 ,KORGUNYAZILIM2210
Cabani Fiyonklu Loafer Erkek Ayakkabı 113376 Siyah,Cabani Fiyonklu Loafer Erkek Ayakkabı 113376 Siyah,KORGUNYAZILIM2210
Cabani Özel Tasarım Kadın Çizme 5171SA ,Cabani Özel Tasarım Sıcak Astar Kadın Çizme 5171SA ,KORGUNYAZILIM2210
Cabani Özel Tasarım Sıcak Astar Kadın Çizme 3 cm Topuklu 5064SA,Cabani Özel Tasarım Sıcak Astar Kadın Çizme 3 cm Topuklu 5064SA,KORGUNYAZILIM2210
Cabani Özel Tasarım Sıcak Astar Kadın Çizme 8 cm Topuklu 5041SA,Cabani Özel Tasarım Sıcak Astar Kadın Çizme 8 cm Topuklu 5041SA,KORGUNYAZILIM2210
Fsn,Fsn,KORGUNYAZILIM2210
GNL,GNL,KORGUNYAZILIM2210
HE950,HE950,KORGUNYAZILIM2210
Kadın Günlük Bot 3302SA,Kadın Günlük Bot 3302SA,KORGUNYAZILIM2210
Kalıp Girmelisin.,Kalıp Girmelisin.,KORGUNYAZILIM2210
Kalıp GRİLMEMİŞ,Kalıp GRİLMEMİŞ,KORGUNYAZILIM2210
KULLANMA,KULLANMA,KORGUNYAZILIM2210
R209,R209,KORGUNYAZILIM2210
SOR ,SOR ,KORGUNYAZILIM2210
01,01,KORGUNYAZILIM2310
015,015,KORGUNYAZILIM2310
017,017,KORGUNYAZILIM2310
032,032,KORGUNYAZILIM2310
037,037,KORGUNYAZILIM2310
089,089,KORGUNYAZILIM2310
10,10,KORGUNYAZILIM2310
1003,1003,KORGUNYAZILIM2310
106,106,KORGUNYAZILIM2310
113,113,KORGUNYAZILIM2310
1235,1235,KORGUNYAZILIM2310
129,129,KORGUNYAZILIM2310
133,133,KORGUNYAZILIM2310
1375,1375,KORGUNYAZILIM2310
15,15,KORGUNYAZILIM2310
1505,1505,KORGUNYAZILIM2310
1657,1657,KORGUNYAZILIM2310
170,170,KORGUNYAZILIM2310
175,175,KORGUNYAZILIM2310
179,179,KORGUNYAZILIM2310
192,192,KORGUNYAZILIM2310
193,193,KORGUNYAZILIM2310
194,194,KORGUNYAZILIM2310
195,195,KORGUNYAZILIM2310
23,23,KORGUNYAZILIM2310
2337,2337,KORGUNYAZILIM2310
237,237,KORGUNYAZILIM2310
260,260,KORGUNYAZILIM2310
261,261,KORGUNYAZILIM2310
2658,2658,KORGUNYAZILIM2310
294,294,KORGUNYAZILIM2310
300,300,KORGUNYAZILIM2310
3030,3030,KORGUNYAZILIM2310
305,305,KORGUNYAZILIM2310
306,306,KORGUNYAZILIM2310
337,337,KORGUNYAZILIM2310
347,347,KORGUNYAZILIM2310
37,37,KORGUNYAZILIM2310
370,370,KORGUNYAZILIM2310
373,373,KORGUNYAZILIM2310
378,378,KORGUNYAZILIM2310
394,394,KORGUNYAZILIM2310
411,411,KORGUNYAZILIM2310
438,438,KORGUNYAZILIM2310
443,443,KORGUNYAZILIM2310
465,465,KORGUNYAZILIM2310
466,466,KORGUNYAZILIM2310
472,472,KORGUNYAZILIM2310
572,572,KORGUNYAZILIM2310
579,579,KORGUNYAZILIM2310
589,589,KORGUNYAZILIM2310
6558,6558,KORGUNYAZILIM2310
695,695,KORGUNYAZILIM2310
701,701,KORGUNYAZILIM2310
744,744,KORGUNYAZILIM2310
744?,744?,KORGUNYAZILIM2310
779,779,KORGUNYAZILIM2310
82448,82448,KORGUNYAZILIM2310
89,89,KORGUNYAZILIM2310
940,940,KORGUNYAZILIM2310
Cabani Erkek Kemer Detaylı Light Taban Günlük Ayakkabı 5195,Cabani Erkek Kemer Detaylı Light Taban Günlük Ayakkabı 5195,KORGUNYAZILIM2310
Cabani Fiyonklu Loafer Erkek Ayakkabı 113376 ,Cabani Fiyonklu Loafer Erkek Ayakkabı 113376 ,KORGUNYAZILIM2310
Cabani Fiyonklu Loafer Erkek Ayakkabı 113376 Siyah,Cabani Fiyonklu Loafer Erkek Ayakkabı 113376 Siyah,KORGUNYAZILIM2310
Cabani Özel Tasarım Kadın Çizme 5171SA ,Cabani Özel Tasarım Sıcak Astar Kadın Çizme 5171SA ,KORGUNYAZILIM2310
Cabani Özel Tasarım Sıcak Astar Kadın Çizme 3 cm Topuklu 5064SA,Cabani Özel Tasarım Sıcak Astar Kadın Çizme 3 cm Topuklu 5064SA,KORGUNYAZILIM2310
Cabani Özel Tasarım Sıcak Astar Kadın Çizme 8 cm Topuklu 5041SA,Cabani Özel Tasarım Sıcak Astar Kadın Çizme 8 cm Topuklu 5041SA,KORGUNYAZILIM2310
Fsn,Fsn,KORGUNYAZILIM2310
GNL,GNL,KORGUNYAZILIM2310
HE950,HE950,KORGUNYAZILIM2310
Kadın Günlük Bot 3302SA,Kadın Günlük Bot 3302SA,KORGUNYAZILIM2310
Kalıp Girmelisin.,Kalıp Girmelisin.,KORGUNYAZILIM2310
Kalıp GRİLMEMİŞ,Kalıp GRİLMEMİŞ,KORGUNYAZILIM2310
KULLANMA,KULLANMA,KORGUNYAZILIM2310
R209,R209,KORGUNYAZILIM2310
SOR ,SOR ,KORGUNYAZILIM2310
01,01,Uretim20
015,015,Uretim20
017,017,Uretim20
032,032,Uretim20
037,037,Uretim20
089,089,Uretim20
10,10,Uretim20
1003,1003,Uretim20
106,106,Uretim20
113,113,Uretim20
1235,1235,Uretim20
129,129,Uretim20
133,133,Uretim20
1375,1375,Uretim20
15,15,Uretim20
1505,1505,Uretim20
1657,1657,Uretim20
170,170,Uretim20
175,175,Uretim20
179,179,Uretim20
192,192,Uretim20
193,193,Uretim20
194,194,Uretim20
195,195,Uretim20
23,23,Uretim20
2337,2337,Uretim20
237,237,Uretim20
260,260,Uretim20
261,261,Uretim20
2658,2658,Uretim20
294,294,Uretim20
300,300,Uretim20
3030,3030,Uretim20
305,305,Uretim20
306,306,Uretim20
337,337,Uretim20
347,347,Uretim20
37,37,Uretim20
370,370,Uretim20
373,373,Uretim20
378,378,Uretim20
394,394,Uretim20
411,411,Uretim20
438,438,Uretim20
443,443,Uretim20
465,465,Uretim20
466,466,Uretim20
472,472,Uretim20
572,572,Uretim20
579,579,Uretim20
589,589,Uretim20
6558,6558,Uretim20
695,695,Uretim20
701,701,Uretim20
744,744,Uretim20
744?,744?,Uretim20
779,779,Uretim20
82448,82448,Uretim20
89,89,Uretim20
940,940,Uretim20
Cabani Erkek Kemer Detaylı Light Taban Günlük Ayakkabı 5195,Cabani Erkek Kemer Detaylı Light Taban Günlük Ayakkabı 5195,Uretim20
Cabani Fiyonklu Loafer Erkek Ayakkabı 113376 ,Cabani Fiyonklu Loafer Erkek Ayakkabı 113376 ,Uretim20
Cabani Fiyonklu Loafer Erkek Ayakkabı 113376 Siyah,Cabani Fiyonklu Loafer Erkek Ayakkabı 113376 Siyah,Uretim20
Cabani Özel Tasarım Kadın Çizme 5171SA ,Cabani Özel Tasarım Sıcak Astar Kadın Çizme 5171SA ,Uretim20
Cabani Özel Tasarım Sıcak Astar Kadın Çizme 3 cm Topuklu 5064SA,Cabani Özel Tasarım Sıcak Astar Kadın Çizme 3 cm Topuklu 5064SA,Uretim20
Cabani Özel Tasarım Sıcak Astar Kadın Çizme 8 cm Topuklu 5041SA,Cabani Özel Tasarım Sıcak Astar Kadın Çizme 8 cm Topuklu 5041SA,Uretim20
Fsn,Fsn,Uretim20
GNL,GNL,Uretim20
HE950,HE950,Uretim20
Kadın Günlük Bot 3302SA,Kadın Günlük Bot 3302SA,Uretim20
Kalıp Girmelisin.,Kalıp Girmelisin.,Uretim20
Kalıp GRİLMEMİŞ,Kalıp GRİLMEMİŞ,Uretim20
KULLANMA,KULLANMA,Uretim20
R209,R209,Uretim20
SOR ,SOR ,Uretim20
