ID,TABLOTIP,SATIRTIP,TANIMKODU,USTGRUP,SEVIYE,TANIMADI,ACCCODE1,ACCCODE2,RAPORLAMA,TERSBAKIYE,HESAPTUTARI,ISLEMTURU,HESAPKAREKTERI,FORMULTANIM,SIRANO,TUTAR,AP,EBYNCODE
52,3,1,01,,1, ÜRETİM MALİYETİ,,,0,0,0,0,0,,1.0000000000,0,,
53,3,1,01.1,01,2,  A. DİREKT İLK MADDE VE MALZEME GİDERLERİ,,,0,0,0,0,0,,2.0000000000,0,,
54,3,2,01.1.01,01.1,3,   1- Direkt İlk Madde ve Malzeme Giderleri,711,,0,0,2,0,0,,3.0000000000,0,,
55,3,2,01.1.02,01.1,3,   2- Direkt İlk Madde ve Malzeme Fiyat Farkı,712,,0,0,0,0,0,,4.0000000000,0,,
56,3,2,01.1.03,01.1,3,   3- Direkt İlk Madde ve Malzeme Miktar Farkı,713,,0,0,0,0,0,,5.0000000000,0,,
57,3,1,01.2,01,2,  B. DİREKT İŞÇİLİK GİDERLERİ,,,0,0,0,0,0,,6.0000000000,0,,
58,3,2,01.2.01,01.2,3,   1- Direkt İşçilik Giderleri,721,,0,0,2,0,0,,7.0000000000,0,,
59,3,2,01.2.02,01.2,3,   2- Direkt İşçilik Ücret Farkları,722,,0,0,0,0,0,,8.0000000000,0,,
60,3,2,01.2.03,01.2,3,   3- Direkt İşçilik Süre (Zaman) Farkları,723,,0,0,0,0,0,,9.0000000000,0,,
61,3,1,01.3,01,2,  C. GENEL ÜRETİM GİDERLERİ,,,0,0,0,0,0,,10.0000000000,0,,
62,3,2,01.3.01,01.3,3,   1- Genel Üretim Giderleri,731,,0,0,2,0,0,,11.0000000000,0,,
63,3,2,01.3.02,01.3,3,   2- Genel Üretim Giderleri Bütçe Farkları,732,,0,0,0,0,0,,12.0000000000,0,,
64,3,2,01.3.03,01.3,3,   3- Genel Üretim Giderleri Verimlilik Farkları,733,,0,0,0,0,0,,13.0000000000,0,,
65,3,2,01.3.04,01.3,3,   4- Genel Üretim Giderleri Kapasite Farkları,734,,0,0,0,0,0,,14.0000000000,0,,
66,3,1,01.4,01,2,  D. YARI MAMUL KULLANIMI,,,0,0,0,0,0,,15.0000000000,0,,
67,3,2,01.4.01,01.4,3,   1- Dönem Başı Stok (+),151,,0,0,5,0,0,,16.0000000000,0,,
68,3,2,01.4.02,01.4,3,   2- Dönem Sonu Stok (-),151,,0,0,6,1,1,,17.0000000000,0,,
69,3,5,,,0,                        ÜRETİLEN MAMUL MALİYETİ,,,0,0,0,0,0,P01.1+P01.2+P01.3+P01.4,18.0000000000,0,,
70,3,1,01.5,01,2,  E. MAMUL STOKLARINDA DEĞİŞİM,,,0,0,0,0,0,,19.0000000000,0,,
71,3,2,01.5.1,01.5,3,   1- Dönem Başı Stok (+),152,,0,0,5,0,0,,20.0000000000,0,,
72,3,2,01.5.2,01.5,3,   2- Dönem Sonu Stok (-),152,,0,0,6,1,1,,21.0000000000,0,,
73,3,6,,,0,                        I- SATILAN MAMUL MALİYETİ,,,0,0,0,0,0,,22.0000000000,0,,
74,3,1,03,,1, TİCARİ FAALİYET,,,0,0,0,0,0,,23.0000000000,0,,
75,3,2,03.1,03,2,  A- Dönem Başı Ticari Mallar Stoku (+),153,,0,0,5,0,0,,24.0000000000,0,,
76,3,2,03.2,03,2,  B- Dönem İçi Alışlar (+),153,,0,0,7,0,0,,25.0000000000,0,,
77,3,2,03.3,03,2,  C- Dönem Sonu Ticari Mallar (-),153,,0,0,1,0,0,,25.0000000000,0,,
78,3,2,03.4,03,2,  D- İç Tüketim (-),153,,0,0,7,0,0,,25.0000000000,0,,
79,4,1,01,,1,A- FON KAYNAKLARI,,,0,0,0,0,0,,1.0000000000,0,,
80,4,1,01.01,01,2,1. Faaliyetlerden Sağlanan Kaynaklar,,,0,0,0,0,0,,2.0000000000,0,,
81,4,1,01.01.01,01.01,3,   a) Olağan Kar,,,0,1,0,0,0,,3.0000000000,0,,
82,4,3,01.01.01.01,01.01.01,4,      600 - 602,600,602,1,0,0,0,1,,4.0000000000,0,,
83,4,3,01.01.01.02,01.01.01,4,      640 - 649,640,649,1,0,0,0,1,,5.0000000000,0,,
84,4,3,01.01.01.03,01.01.01,4,      610 - 632,610,632,1,0,0,0,1,,6.0000000000,0,,
85,4,3,01.01.01.04,01.01.01,4,      653 - 661,653,661,1,0,0,0,1,,7.0000000000,0,,
86,4,4,01.01.02,01.01.,0,   b) Amortismanlar(+),,,0,0,0,0,0,,8.0000000000,0,,
87,4,1,01.01.03,01.01.,3,   c) Fon Çıkışı Gerektirmeyen Diğer Giderler(+),,,0,0,0,0,0,,9.0000000000,0,,
88,4,2,01.01.03.01,01.01.03,4,      654,654,,1,0,6,0,0,,10.0000000000,0,,
89,4,2,01.01.03.02,01.01.03,4,      657,657,,1,0,6,0,0,,11.0000000000,0,,
90,4,2,01.01.03.03,01.01.03,4,      372,372,,1,0,6,0,1,,12.0000000000,0,,
91,4,2,01.01.03.04,01.01.03,4,      373,373,,1,0,6,0,1,,13.0000000000,0,,
92,4,2,01.01.03.05,01.01.03,4,      379,379,,1,0,6,0,1,,14.0000000000,0,,
93,4,2,01.01.03.06,01.01.03,4,      472,472,,1,0,6,0,1,,15.0000000000,0,,
94,4,2,01.01.03.07,01.01.03,4,      479,479,,1,0,6,0,1,,16.0000000000,0,,
95,4,2,01.01.03.08,01.01.03,4,      381,381,,1,0,6,0,1,,17.0000000000,0,,
96,4,2,01.01.03.09,01.01.03,4,      180,180,,1,0,5,0,0,,18.0000000000,0,,
97,4,1,01.01.04,01.01.,3,   d) Fon Girişi Sağlamayan Gelirler(-),,,0,0,0,0,0,,19.0000000000,0,,
98,4,2,01.01.04.01,01.01.04,4,      181,181,,1,0,6,0,0,,20.0000000000,0,,
99,4,2,01.01.04.02,01.01.04,4,      644,644,,1,0,6,0,1,,21.0000000000,0,,
100,4,2,01.01.04.03,01.01.04,4,      647,647,,1,0,6,0,1,,22.0000000000,0,,
101,4,2,01.01.04.04,01.01.04,4,      380,380,,1,0,5,0,1,,23.0000000000,0,,
102,4,1,01.02,01,2,2. Olağandışı Faaliyetlerden Sağlanan Kaynaklar,,,0,0,0,0,0,,24.0000000000,0,,
103,4,1,01.02.01,01.02,3,   a) Olağandışı Kar,,,0,1,0,0,0,,25.0000000000,0,,
104,4,2,01.02.01.01,01.02.01,4,      671,671,,1,0,0,0,1,,26.0000000000,0,,
105,4,3,01.02.01.02,01.02.01,4,      679 - 689,679,689,1,0,0,0,1,,27.0000000000,0,,
106,4,4,01.02.02,01.02,0,   b) Fon Çıkışı Gerektirmeyen Diğer Giderler(+),,,0,0,0,0,0,,28.0000000000,0,,
107,4,4,01.02.03,01.02,0,   c) Fon Girişi Sağlamayan Gelirler(-),,,0,0,0,0,0,,29.0000000000,0,,
108,4,1,01.03,01,2,3. Dönen Varlıklar Tutarındaki Azalışlar,,,0,0,0,0,0,,30.0000000000,0,,
109,4,2,01.03.01,01.03,3,      181,181,,1,0,6,0,0,,31.0000000000,0,,
110,4,3,01.03.02,01.03,3,      100 - 102,100,102,1,0,11,0,0,,32.0000000000,0,,
111,4,3,01.03.03,01.03,3,      108 - 118,108,118,1,0,11,0,0,,33.0000000000,0,,
112,4,3,01.03.04,01.03,3,      120 - 121,120,121,1,0,11,0,0,,34.0000000000,0,,
113,4,3,01.03.05,01.03,3,      126 - 128,126,128,1,0,11,0,0,,35.0000000000,0,,
114,4,3,01.03.06,01.03,3,      131 - 136,131,136,1,0,11,0,0,,36.0000000000,0,,
115,4,3,01.03.07,01.03,3,      138,138,138,1,0,11,0,0,,37.0000000000,0,,
116,4,3,01.03.08,01.03,3,      150 - 157,150,157,1,0,11,0,0,,38.0000000000,0,,
117,4,3,01.03.09,01.03,3,      159 - 198,159,198,1,0,11,0,0,,39.0000000000,0,,
118,4,3,01.03.10,01.03,3,      180,180,180,1,0,5,0,0,,40.0000000000,0,,
119,4,1,01.04,01,2,4. Duran Varlıklar Tutarındaki Azalışlar,,,0,0,0,0,0,,41.0000000000,0,,
120,4,3,01.04.01,01.04,3,      220 - 221,220,221,1,0,11,0,0,,42.0000000000,0,,
121,4,3,01.04.02,01.04,3,      226,226,226,1,0,11,0,0,,43.0000000000,0,,
122,4,3,01.04.03,01.04,3,      231 - 236,231,236,1,0,11,0,0,,44.0000000000,0,,
123,4,3,01.04.04,01.04,3,      240,240,240,1,0,11,0,0,,45.0000000000,0,,
124,4,3,01.04.05,01.04,3,      242,242,242,1,0,11,0,0,,46.0000000000,0,,
125,4,3,01.04.06,01.04,3,      245,245,245,1,0,11,0,0,,47.0000000000,0,,
126,4,3,01.04.07,01.04,3,      248,248,248,1,0,11,0,0,,48.0000000000,0,,
127,4,3,01.04.08,01.04,3,      250 - 256,250,256,1,0,11,0,0,,49.0000000000,0,,
128,4,3,01.04.09,01.04,3,      258 - 267,258,267,1,0,11,0,0,,50.0000000000,0,,
129,4,3,01.04.10,01.04,3,      269 - 277,269,277,1,0,11,0,0,,51.0000000000,0,,
130,4,3,01.04.11,01.04,3,      279 - 297,279,297,1,0,11,0,0,,52.0000000000,0,,
131,4,1,01.05,01,2,5. Kısa Vadeli Yabancı Kaynaklardaki Artışlar,,,0,0,0,0,0,,53.0000000000,0,,
132,4,4,01.05.01,01.05,0,   (Borç ve Gider Karşılıklarını Kapsamaz.),,,0,0,0,2,0,,54.0000000000,0,,
133,4,3,01.05.02,01.05,3,      300 - 321,300,321,1,0,11,0,1,,55.0000000000,0,,
134,4,3,01.05.03,01.05,3,      326 - 336,326,336,1,0,11,0,1,,56.0000000000,0,,
135,4,3,01.05.04,01.05,3,      340 - 369,340,369,1,0,11,0,1,,57.0000000000,0,,
136,4,3,01.05.05,01.05,3,      380,380,380,1,0,6,0,1,,58.0000000000,0,,
137,4,3,01.05.06,01.05,3,      381 - 399,381,399,1,0,10,0,1,,59.0000000000,0,,
138,4,1,01.06,01,2,6. Uzun Vadeli Yabancı Kaynaklardaki Artışlar,,,0,0,0,0,0,,60.0000000000,0,,
139,4,4,01.06.01,01.06,0,   (Borç ve Gider Karşılıklarını Kapsamaz.),,,0,0,0,2,0,,61.0000000000,0,,
140,4,3,01.06.02,01.06,3,      400 - 421,400,421,1,0,10,0,1,,62.0000000000,0,,
141,4,3,01.06.03,01.06,3,      426 - 436,426,436,1,0,10,0,1,,63.0000000000,0,,
142,4,3,01.06.04,01.06,3,      438 - 449,438,449,1,0,10,0,1,,64.0000000000,0,,
143,4,3,01.06.05,01.06,3,      479 - 499,479,499,1,0,10,0,1,,65.0000000000,0,,
144,4,1,01.07,01,2,7. Sermaye Artırımı,,,0,0,0,0,0,,66.0000000000,0,,
145,4,4,01.07.01,01.07,0,   (Nakit Karşılığı veya Dışarıdan Getirilen Diğer Varlıklar),,,0,0,0,2,0,,67.0000000000,0,,
146,4,3,01.07.02,01.07,3,      500 - 501,500,501,1,0,10,0,1,,68.0000000000,0,,
147,4,1,01.08,01,2,8. Hisse Senedi İhraç Primleri,,,0,0,0,0,0,,69.0000000000,0,,
148,4,2,01.08.01,01.08,3,      520,,520,1,0,0,0,1,,70.0000000000,0,,
149,4,2,01.08.02,01.08,3,      521,521,,1,0,0,1,1,,71.0000000000,0,,
150,4,1,02,,1,B- FON KULLANIMLARI,,,0,0,0,0,0,,72.0000000000,0,,
151,4,1,02.01,02,2,1. Faaliyetlerle İlgili Kullanımlar,,,0,0,0,0,0,,73.0000000000,0,,
152,4,1,02.01.01,02.01,3,   a) Olağan Zarar,,,0,1,0,0,0,,74.0000000000,0,,
153,4,3,02.01.01.01,02.01.01,4,      600 - 661,600,661,1,0,0,0,0,,75.0000000000,0,,
154,4,4,02.01.02,02.01,0,   b) Amortismanlar(+),,,0,0,0,0,0,,76.0000000000,0,,
155,4,1,02.01.03,02.01,3,   c) Fon Çıkışı Gerektirmeyen Diğer Giderler(+) ,,,0,0,0,0,0,,77.0000000000,0,,
156,4,2,02.01.03.01,02.01.03,4,      654,654,,1,0,6,0,1,,78.0000000000,0,,
157,4,2,02.01.03.02,02.01.03,4,      657,657,,1,0,6,0,1,,79.0000000000,0,,
158,4,2,02.01.03.03,02.01.03,4,      372,372,,1,0,6,0,1,,80.0000000000,0,,
159,4,2,02.01.03.04,02.01.03,4,      472,472,,1,0,6,0,1,,81.0000000000,0,,
160,4,2,02.01.03.05,02.01.03,4,      381,381,,1,0,6,0,1,,82.0000000000,0,,
161,4,2,02.01.03.06,02.01.03,4,      180,180,,1,0,5,0,0,,83.0000000000,0,,
162,4,1,02.01.04,02.01,3,   d) Fon Girişi Sağlamayan Diğer Gelirler(-),,,0,0,0,0,0,,84.0000000000,0,,
163,4,2,02.01.04.01,02.01.04,4,      644,644,,1,0,5,0,1,,85.0000000000,0,,
164,4,2,02.01.04.02,02.01.04,4,      647,647,,1,0,5,0,1,,86.0000000000,0,,
165,4,2,02.01.04.03,02.01.04,4,      380,380,,1,0,5,0,1,,87.0000000000,0,,
166,4,2,02.01.04.04,02.01.04,4,      181,181,,1,0,6,0,0,,88.0000000000,0,,
167,4,1,02.02,02,2,2. Olağandışı Faaliyetlerle İlgili Kullanımlar,,,0,0,0,0,0,,89.0000000000,0,,
168,4,1,02.02.01,02.02,3,   a) Olağandışı Zarar,,,0,1,0,0,0,,90.0000000000,0,,
169,4,3,02.02.01.01,02.02.01,4,      671 - 689,671,689,1,0,0,0,0,,91.0000000000,0,,
170,4,4,02.02.02,02.02,0,   b) Fon Çıkışı Gerektirmeyen Giderler(+),,,0,0,0,0,0,,92.0000000000,0,,
171,4,4,02.02.03,02.02,0,   c) Fon Girişi Sağlamayan Gelirler(-),,,0,0,0,0,0,,93.0000000000,0,,
172,4,1,02.03,02,2,3. Ödenen Vergi ve Benzerleri,,,0,0,0,0,0,,94.0000000000,0,,
173,4,4,02.03.01,02.03,0,   (Bir Önceki Dönem Karından Ödenen),,,0,0,0,2,0,,95.0000000000,0,,
174,4,2,02.03.02,02.03,3,      371,371,,1,0,6,0,0,,96.0000000000,0,,
175,4,2,02.03.03,02.03,3,      193,193,,1,0,6,0,0,,97.0000000000,0,,
176,4,1,02.04,02,2,4. Ödenen Temettüler,,,0,0,0,0,0,,98.0000000000,0,,
177,4,4,02.04.01,02.04,0,   a) Bir Önceki Dönem Karından Ödenen,,,0,0,0,0,0,,99.0000000000,0,,
178,4,4,02.04.02,02.04,0,   b) Yedeklerden Dağıtılan,,,0,0,0,0,0,,100.0000000000,0,,
179,4,1,02.05,02,2,5. Dönen Varlıkların Tutarındaki Artışlar,,,0,0,0,0,0,,101.0000000000,0,,
180,4,3,02.05.01,02.05,3,      100 - 102,100,102,1,0,10,0,0,,102.0000000000,0,,
181,4,3,02.05.02,02.05,3,      108 - 118,108,118,1,0,10,0,0,,103.0000000000,0,,
182,4,3,02.05.03,02.05,3,      120 - 121,120,121,1,0,10,0,0,,104.0000000000,0,,
183,4,3,02.05.04,02.05,3,      126 - 128,126,128,1,0,10,0,0,,105.0000000000,0,,
184,4,3,02.05.05,02.05,3,      131 - 136,131,136,1,0,10,0,0,,106.0000000000,0,,
185,4,3,02.05.06,02.05,3,      138,138,138,1,0,10,0,0,,107.0000000000,0,,
186,4,3,02.05.07,02.05,3,      150 - 157,150,157,1,0,10,0,0,,108.0000000000,0,,
187,4,3,02.05.08,02.05,3,      159 - 179,159,179,1,0,10,0,0,,109.0000000000,0,,
188,4,2,02.05.09,02.05,3,      180,180,,1,0,6,0,0,,110.0000000000,0,,
189,4,3,02.05.10,02.05,3,      181 - 198,181,198,1,0,10,0,0,,111.0000000000,0,,
190,4,1,02.06,02,2,6. Duran Varlıkların Tutarındaki Artışlar,,,0,0,0,0,0,,112.0000000000,0,,
191,4,4,02.06.01,02.06,0,   (Yeniden Değerlemeyi Kapsamaz.),,,0,0,0,2,0,,113.0000000000,0,,
192,4,3,02.06.02,02.06,3,      200 - 221,200,221,1,0,10,0,0,,114.0000000000,0,,
193,4,3,02.06.03,02.06,3,      226,226,226,1,0,10,0,0,,115.0000000000,0,,
194,4,3,02.06.04,02.06,3,      231 - 236,231,236,1,0,10,0,0,,116.0000000000,0,,
195,4,3,02.06.05,02.06,3,      240,240,240,1,0,10,0,0,,117.0000000000,0,,
196,4,3,02.06.06,02.06,3,      242,242,242,1,0,10,0,0,,118.0000000000,0,,
197,4,3,02.06.07,02.06,3,      245,245,245,1,0,10,0,0,,119.0000000000,0,,
198,4,3,02.06.08,02.06,3,      248,248,248,1,0,10,0,0,,120.0000000000,0,,
199,4,3,02.06.09,02.06,3,      250 - 256,250,256,1,0,10,0,0,,121.0000000000,0,,
200,4,3,02.06.10,02.06,3,      258 - 267,258,267,1,0,10,0,0,,122.0000000000,0,,
201,4,3,02.06.11,02.06,3,      269 - 277,269,277,1,0,10,0,0,,123.0000000000,0,,
202,4,3,02.06.12,02.06,3,      279 - 297,279,297,1,0,10,0,0,,124.0000000000,0,,
203,4,1,02.07,02,2,7. Kısa Vadeli Yabancı Kaynaklardaki Azalışlar,,,0,0,0,0,0,,125.0000000000,0,,
204,4,3,02.07.01,02.07,3,      300 - 321,300,321,1,0,11,0,1,,126.0000000000,0,,
205,4,3,02.07.02,02.07,3,      326 - 336,326,336,1,0,11,0,1,,127.0000000000,0,,
206,4,3,02.07.03,02.07,3,      340 - 369,340,369,1,0,11,0,1,,128.0000000000,0,,
207,4,3,02.07.04,02.07,3,      391 - 399,391,399,1,0,11,0,1,,129.0000000000,0,,
208,4,2,02.07.05,02.07,3,      381,381,,1,0,5,0,1,,130.0000000000,0,,
209,4,2,02.07.06,02.07,3,      380,380,,1,0,6,0,1,,131.0000000000,0,,
210,4,1,02.08,02,2,8. Uzun Vadeli Yabancı Kaynaklardaki Azalışlar,,,0,0,0,0,0,,132.0000000000,0,,
211,4,3,02.08.01,02.08,3,      400 - 421,400,421,1,0,11,0,1,,133.0000000000,0,,
212,4,3,02.08.02,02.08,3,      426 - 436,426,436,1,0,11,0,1,,134.0000000000,0,,
213,4,3,02.08.04,02.08,3,      438 - 449,438,449,1,0,11,0,1,,135.0000000000,0,,
214,4,3,02.08.05,02.08,3,      479 - 499,479,499,1,0,11,0,1,,136.0000000000,0,,
215,4,1,02.09,02,2,9. Sermayedeki Azalışlar,,,0,1,0,0,0,,137.0000000000,0,,
216,4,3,02.09.01,02.09,3,      500 - 501,500,501,1,0,11,0,1,,138.0000000000,0,,
463,5,9,,,0,                                                                           ,,,0,0,0,0,0,,1.0000000000,0,,
464,5,1,01,,1,A- DÖNEM BAŞI NAKİT MEVCUDU,,,0,0,0,0,0,,2.0000000000,0,,
465,5,3,01.01,01,2,      100 - 102,100,102,1,0,5,0,0,,3.0000000000,0,,
466,5,9,,,0,       ,,,0,0,0,0,0,,4.0000000000,0,,
467,5,1,02,,1,B- DÖNEM İÇİ NAKİT GİRİŞLERİ,,,0,0,0,0,0,,5.0000000000,0,,
468,5,1,02.01,02,2, 1. Satışlardan Elde Edilen Nakit,,,0,0,0,0,0,,6.0000000000,0,,
469,5,1,02.01.01,02.01,3,    a) Net Satışlar,,,0,0,0,0,0,,7.0000000000,0,,
470,5,3,02.01.01.01,02.01.01,4,       600 - 612,600,612,1,0,0,0,1,,8.0000000000,0,,
471,5,1,02.01.02,02.01,3,    b) Ticari Alacaklardan Azalışlar,,,0,0,0,0,0,,9.0000000000,0,,
472,5,3,02.01.02.01,02.01.02,4,       120 - 121,120,121,1,0,11,0,0,,10.0000000000,0,,
473,5,3,02.01.02.02,02.01.02,4,       127 - 128,127,128,1,0,11,0,0,,11.0000000000,0,,
474,5,3,02.01.02.03,02.01.02,4,       220 - 221,220,221,1,0,11,0,0,,12.0000000000,0,,
475,5,1,02.01.03,02.01,3,    c) Ticari Alacaklardaki Artışlar(-),,,0,0,0,0,0,,13.0000000000,0,,
476,5,3,02.01.03.01,02.01.03,4,       120 - 121,120,121,1,0,10,0,0,,14.0000000000,0,,
477,5,3,02.01.03.02,02.01.03,4,       127 - 128,127,128,1,0,10,0,0,,15.0000000000,0,,
478,5,3,02.01.03.03,02.01.03,4,       220 - 221,220,221,1,0,10,0,0,,16.0000000000,0,,
479,5,4,02.02,02,0, 2. Diğer Faaliyetlerden Olağan Gelir ve Karlardan Dolayı Sağlanan Nakit,,,0,0,0,0,0,,17.0000000000,0,,
480,5,1,02.03,02,2, 3. Olağandışı Gelir ve Karlardan Sağlanan Nakit,,,0,0,0,0,0,,18.0000000000,0,,
481,5,1,02.04,02,2, 4. Kısa Vadeli Yabancı Kaynaklardaki Artışlardan Sağlanan Nakit,,,0,0,0,0,0,,19.0000000000,0,,
482,5,4,02.04.01,02.04,0,    (Alımlarla ilgili olmayan),,,0,0,0,2,0,,20.0000000000,0,,
483,5,1,02.04.02,02.04,3,    a) Menkul Kıymet İhraçlarından,,,0,0,0,0,0,,21.0000000000,0,,
484,5,3,02.04.02.01,02.04.02,4,       305 - 306,305,306,1,0,10,0,1,,22.0000000000,0,,
485,5,2,02.04.02.02,02.04.02,4,       308,308,,1,0,11,0,0,,23.0000000000,0,,
486,5,1,02.04.03,02.04,3,    b) Alınan Kredilerden,,,0,0,0,0,0,,24.0000000000,0,,
487,5,2,02.04.03.01,02.04.03,4,       300,300,,1,0,10,0,1,,25.0000000000,0,,
488,5,2,02.04.03.02,02.04.03,4,       309,309,,1,0,10,0,1,,26.0000000000,0,,
489,5,4,02.04.04,02.04,0,    c) Diğer Artışlardan,,,0,0,0,0,0,,27.0000000000,0,,
490,5,1,02.05,02,2, 5. Uzun Vadeli Yabancı Kaynaklardaki Artışlardan sağlanan Nakit,,,0,0,0,0,0,,28.0000000000,0,,
491,5,4,02.05.01,02.05,0,    (Alımlarla ilgili olmayan),,,0,0,0,0,0,,29.0000000000,0,,
492,5,1,02.05.02,02.05,3,    a) Menkul Kıymet İhraçlarından,,,0,0,0,0,0,,30.0000000000,0,,
493,5,3,02.05.02.01,02.05.02,4,       405 - 407,405,407,1,0,10,0,1,,31.0000000000,0,,
494,5,2,02.05.02.02,02.05.02,4,       408,408,,1,0,10,0,0,,32.0000000000,0,,
495,5,1,02.05.03,02.05,3,    b) Alınan Kredilerden,,,0,0,0,0,0,,33.0000000000,0,,
496,5,2,02.05.03.01,02.05.03,4,       400,400,,1,0,10,0,1,,34.0000000000,0,,
497,5,2,02.05.03.02,02.05.03,4,       409,409,,1,0,10,0,1,,35.0000000000,0,,
498,5,4,02.05.04,02.05,0,    c) Diğer Artışlardan,,,0,0,0,0,0,,36.0000000000,0,,
499,5,1,02.06,02,2, 6. Sermaye Artışından Sağlanan Nakit,,,0,0,0,0,0,,37.0000000000,0,,
500,5,3,02.06.01,02.06,3,       500 - 501,500,501,1,0,10,0,1,,38.0000000000,0,,
501,5,4,02.07,02,0, 7. Hisse Senedi İhraç Primlerinden Sağlanan Nakit,,,0,0,0,0,0,,39.0000000000,0,,
502,5,4,02.08,02,0, 8. Diğer Nakit Girişleri,,,0,0,0,0,0,,40.0000000000,0,,
503,5,9,,,0,               ,,,0,0,0,0,0,,41.0000000000,0,,
504,5,1,03,,1,C- DÖNEM İÇİ NAKİT ÇIKIŞLARI,,,0,0,0,0,0,,42.0000000000,0,,
505,5,1,03.01,03,2, 1. Maliyetlerden Kaynaklanan Nakit Çıkışları,,,0,0,0,0,0,,43.0000000000,0,,
506,5,1,03.01.01,03.01,3,    a) Satışların Maliyeti,,,0,0,0,0,0,,44.0000000000,0,,
507,5,3,03.01.01.01,03.01.01,4,       620 - 623,620,623,1,0,0,0,0,,45.0000000000,0,,
508,5,1,03.01.02,03.01,3,    b) Stoklardaki Artışlar,,,0,0,0,0,0,,46.0000000000,0,,
509,5,3,03.01.02.01,03.01.02,4,       150 - 157,150,157,1,0,10,0,0,,47.0000000000,0,,
510,5,2,03.01.02.02,03.01.02,4,       159,159,,1,0,10,0,0,,48.0000000000,0,,
511,5,1,03.01.03,03.01,3,    c) Ticari Borçlardaki(Alımlardan Kaynaklanan) Azalışlar,,,0,0,0,0,0,,49.0000000000,0,,
512,5,3,03.01.03.01,03.01.03,4,       320 - 321,320,321,1,0,11,0,1,,50.0000000000,0,,
513,5,3,03.01.03.02,03.01.03,4,       329,329,329,1,0,11,0,1,,51.0000000000,0,,
514,5,3,03.01.03.03,03.01.03,4,       420 - 421,420,421,1,0,11,0,1,,52.0000000000,0,,
515,5,2,03.01.03.04,03.01.03,4,       429,429,,1,0,11,0,1,,53.0000000000,0,,
516,5,1,03.01.04,03.01,3,    d) Ticari Borçlardaki(Alımlardan Kaynaklanan) Artışlar(-),,,0,0,0,0,0,,54.0000000000,0,,
517,5,3,03.01.04.01,03.01.04,4,       320 - 321,320,321,1,0,10,0,1,,55.0000000000,0,,
518,5,2,03.01.04.02,03.01.04,4,       329,329,,1,0,10,0,1,,56.0000000000,0,,
519,5,3,03.01.04.03,03.01.04,4,       420 - 421,420,421,1,0,10,0,1,,57.0000000000,0,,
520,5,2,03.01.04.04,03.01.04,4,       429,429,,1,0,10,0,1,,58.0000000000,0,,
521,5,4,03.01.05,03.01,0,    e) Amortisman ve Nakit Çıkışı Gerektirmeyen Diğer Giderler(-),,,0,0,0,0,0,,59.0000000000,0,,
522,5,1,03.01.06,03.01,3,    f) Stoklardaki Azalışlar(-),,,0,0,0,0,0,,60.0000000000,0,,
523,5,3,03.01.06.01,03.01.06,4,       150 - 157,150,157,1,0,11,0,0,,61.0000000000,0,,
524,5,2,03.01.06.02,03.01.06,4,       159,159,,1,0,11,0,0,,62.0000000000,0,,
525,5,1,03.02,03,2, 2. Faaliyet Giderlerine İlişkin Nakit Çıkışları,,,0,0,0,0,0,,63.0000000000,0,,
526,5,1,03.02.01,03.02,3,    a) Araştırma ve Geliştirme Giderleri,,,0,0,0,0,0,,64.0000000000,0,,
527,5,2,03.02.01.01,03.02.01,4,       630,630,,1,0,0,0,0,,65.0000000000,0,,
528,5,1,03.02.02,03.02,3,    b) Pazarlama Satış ve Dağıtım Giderleri,,,0,0,0,0,0,,66.0000000000,0,,
529,5,2,03.02.02.01,03.02.02,4,       631,631,,1,0,0,0,0,,67.0000000000,0,,
530,5,1,03.02.03,03.02,3,    c) Genel Yönetim Giderleri,,,0,0,0,0,0,,68.0000000000,0,,
531,5,2,03.02.03.01,03.02.03,4,       632,632,,1,0,0,0,0,,69.0000000000,0,,
532,5,4,03.02.04,03.02,0,    d) Amortisman ve Nakit Çıkışı Gerektirmeyen Diğer Giderler(-),,,0,0,0,0,0,,70.0000000000,0,,
533,5,1,03.03,03,2, 3. Diğer Faaliyetlerden Olağan Gider ve Zararlara İlişkin Nakit Çıkışları,,,0,0,0,0,0,,71.0000000000,0,,
534,5,1,03.03.01,03.03,3,    a) Diğer Faaliyetlerle İlgili Olağan Gider ve Zararlar,,,0,0,0,0,0,,72.0000000000,0,,
535,5,3,03.03.01.01,03.03.01,4,       653 - 659,653,659,1,0,0,0,0,,73.0000000000,0,,
536,5,4,03.03.02,03.03,0,    b) Amortisman ve Nakit Çıkışı Gerektirmeyen Diğer Gider ve Zararlar(-),,,0,0,0,0,0,,74.0000000000,0,,
537,5,4,03.04,03,0, 4. Finansman Giderlerinden Dolayı Nakit Çıkışları,,,0,0,0,0,0,,75.0000000000,0,,
538,5,1,03.05,03,2, 5. Olağandışı Gider ve Zararlardan Dolayı Nakit Çıkışı,,,0,0,0,0,0,,76.0000000000,0,,
539,5,1,03.05.01,03.05,3,    a) Olağandışı Gider ve Zararlar,,,0,0,0,0,0,,77.0000000000,0,,
540,5,3,03.05.01.01,03.05.01,4,       680 - 689,680,689,1,0,0,0,0,,78.0000000000,0,,
541,5,4,03.05.02,03.05,0,    b) Amortisman ve Nakit Çıkışı Gerektirmeyen Diğer Gider ve Zararlar(-),,,0,0,0,0,0,,79.0000000000,0,,
542,5,4,03.06,03,0, 6. Duran Varlık Yatırımlarına İlişkin Nakit Çıkışları,,,0,0,0,0,0,,80.0000000000,0,,
543,5,1,03.07,03,2, 7. Kısa Vadeli Yabancı Kaynak Ödemeleri(Alımlarla İlgili Olmayan),,,0,0,0,0,0,,81.0000000000,0,,
544,5,1,03.07.01,03.07,3,    a) Menkul Kıymetler Anapara Ödemeleri,,,0,0,0,0,0,,82.0000000000,0,,
545,5,3,03.07.01.01,03.07.01,4,       304 - 306,304,306,1,0,11,0,1,,83.0000000000,0,,
546,5,1,03.07.02,03.07,3,    b) Alınan Krediler Anapara Ödemeleri,,,0,0,0,0,0,,84.0000000000,0,,
547,5,3,03.07.02.01,03.07.02,4,       300 - 303,300,303,1,0,11,0,1,,85.0000000000,0,,
548,5,4,03.07.03,03.07,0,    c) Diğer Ödemeler,,,0,0,0,0,0,,86.0000000000,0,,
549,5,1,03.08,03,2, 8. Uzun Vadeli Yabancı Kaynak Ödemeleri(Alımlarla İlgili Olmayan),,,0,0,0,0,0,,87.0000000000,0,,
550,5,1,03.08.01,03.08,3,    a) Menkul Kıymetler Anapara Ödemeleri,,,0,0,0,0,0,,88.0000000000,0,,
551,5,3,03.08.01.01,03.08.01,4,       405 - 407,405,407,1,0,11,0,1,,89.0000000000,0,,
552,5,1,03.08.02,03.08,3,    b) Alınan Krediler Anapara Ödemeleri,,,0,0,0,0,0,,90.0000000000,0,,
553,5,2,03.08.02.01,03.08.02,4,       400,400,,1,0,11,0,1,,91.0000000000,0,,
554,5,4,03.08.03,03.08,0,    c) Diğer Ödemeler,,,0,0,0,0,0,,92.0000000000,0,,
555,5,1,03.09,03,2, 9. Ödenen Vergi ve Benzerleri,,,0,0,0,0,0,,93.0000000000,0,,
556,5,2,03.09.01,03.09,3,        370,370,,1,0,5,0,1,,94.0000000000,0,,
557,5,2,03.09.02,03.09,3,       371,371,,0,0,7,0,0,,95.0000000000,0,,
558,5,3,03.09.03,03.09,3,       360 - 361,360,361,1,0,11,0,1,,96.0000000000,0,,
559,5,4,03.10,03,0, 10. Ödenen Temettüler,,,0,0,0,0,0,,97.0000000000,0,,
560,5,4,03.11,03,0, 11. Diğer Nakit Çıkışları,,,0,0,0,0,0,,98.0000000000,0,,
561,5,9,,,0,                   ,,,0,0,0,0,0,,99.0000000000,0,,
562,5,5,,,0,                         D- DÖNEM SONU NAKİT MEVCUDU (A+B-C),,,0,0,0,0,0,P01+P02-P03,100.0000000000,0,,
563,5,9,,,0,    ,,,0,0,0,0,0,,101.0000000000,0,,
564,5,5,,,0,                         E- NAKİT ARTIŞ VEYA AZALIŞ (B-C),,,0,0,0,0,0,P02-P03,102.0000000000,0,,
565,6,9,,,0,    ,,,0,0,0,0,0,,1.0000000000,0,,
566,6,1,01,,1,A- DÖNEM KARININ DAĞITIMI,,,0,0,0,0,0,,2.0000000000,0,,
567,6,1,01.01,01,2,  1. DÖNEM KARI,,,0,0,0,0,0,,3.0000000000,0,,
568,6,1,01.02,01,2,  2. ÖDENECEK VERGİ VE YASAL YÜKÜMLÜLÜKLER(-),,,0,0,0,0,0,,4.0000000000,0,,
569,6,3,01.02.01,01.02,3,     - Kurumlar Vergisi (Gelir Vergisi),691,691,0,0,0,0,0,,5.0000000000,0,,
570,6,3,01.02.02,01.02,3,     - Gelir Vergisi Kesintisi,691,691,0,0,0,0,0,,6.0000000000,0,,
571,6,3,01.02.03,01.02,3,     - Diğer Vergi ve Yasal Yükümlülükler,691,691,0,0,0,0,0,,7.0000000000,0,,
572,6,2,01.03,01,2,NET DÖNEM KARI,590,,0,0,0,2,1,,8.0000000000,0,,
573,6,3,01.04,01,2,  3. GEÇMİŞ DÖNEMLER ZARARI (-),580,580,0,0,0,0,0,,9.0000000000,0,,
574,6,3,01.05,01,2,  4. BİRİNCİ TERTİP YASAL YEDEK AKÇE (-),540,540,0,0,0,0,1,,10.0000000000,0,,
575,6,3,01.06,01,2,  5. İŞLETMEDE BIRAKILMASI VE TASARRUFU ZORUNLU YASAL FONLAR (-),541,548,0,0,0,0,1,,11.0000000000,0,,
576,6,2,01.07,01,2,DAĞITILABİLİR NET DÖNEM KARI,570,,0,0,0,2,0,,12.0000000000,0,,
577,6,1,01.08,01,2,  6. ORTAKLARA BİRİNCİ TEMETTÜ (-),,,0,0,0,0,0,,13.0000000000,0,,
578,6,4,01.08.01,01.08,0,     - Adi Hisse Senedi Sahiplerine (-),,,0,0,0,0,0,,14.0000000000,0,,
579,6,4,01.08.02,01.08,0,     - İmtiyazlı Hisse Senedi Sahiplerine,,,0,0,0,0,0,,15.0000000000,0,,
580,6,2,01.09,01,2,  7. PERSONELE TEMETTÜ (-),335,,0,0,0,0,1,,16.0000000000,0,,
581,6,2,01.10,01,2,  8. YÖNETİM KURULUNA TEMETTÜ (-),331,,0,0,0,0,1,,17.0000000000,0,,
582,6,1,01.11,01,2,  9. ORTAKLARA İKİNCİ TEMETTÜ (-),,,0,0,0,0,0,,18.0000000000,0,,
583,6,4,01.11.01,01.11,0,     - Adi Hisse Senedi sahiplerine (-),,,0,0,0,0,0,,19.0000000000,0,,
584,6,4,01.11.02,01.11,0,     - İmtiyazlı Hisse Senedi Sahiplerine,,,0,0,0,0,0,,20.0000000000,0,,
585,6,2,01.12,01,2,  10. İKİNCİ TERTİP YASAL YEDEK AKÇE (-),540,,0,0,0,0,1,,21.0000000000,0,,
586,6,2,01.13,01,2,  11. STATÜ YEDEKLERİ (-),541,,0,0,0,0,1,,22.0000000000,0,,
587,6,2,01.14,01,2,  12. OLAĞANDIŞI YEDEKLER (DAĞITILMAMIŞ KARLAR),542,,0,0,0,0,1,,23.0000000000,0,,
588,6,2,01.15,01,2,  13. DİĞER YEDEKLER,548,,0,0,0,0,1,,24.0000000000,0,,
589,6,2,01.16,01,2,  14. ÖZEL FONLAR,549,,0,0,0,0,1,,25.0000000000,0,,
590,6,1,02,,1,B- YEDEKLERDEN DAĞITIM,,,0,0,0,0,0,,26.0000000000,0,,
591,6,3,02.01,02,2,  1. DAĞITILAN YEDEKLER,540,549,0,0,0,0,1,,27.0000000000,0,,
592,6,3,02.02,02,2,  2. İKİNCİ TERTİP YASAL YEDEKLER (-),540,540,0,0,0,0,1,,28.0000000000,0,,
593,6,1,02.03,02,2,  3. ORTAKLARA PAY (-),,,0,0,0,0,0,,29.0000000000,0,,
594,6,4,02.03.01,02.03,0,     - Adi Hisse Senedi Sahiplerine (-),,,0,0,0,0,0,,30.0000000000,0,,
595,6,4,02.03.02,02.03,0,     - İmtiyazlı Hisse Senedi Sahiplerine,,,0,0,0,0,0,,31.0000000000,0,,
596,6,2,02.04,02,2,  4. PERSONELE PAY (-),335,,0,0,0,0,1,,32.0000000000,0,,
597,6,2,02.05,02,2,  5. YÖNETİM KURULUNA PAY (-),331,,0,0,0,0,1,,33.0000000000,0,,
598,6,1,03,,1,C- HİSSE BAŞINA KAR (Net Dönem Karı),,,0,0,0,0,0,,34.0000000000,0,,
599,6,4,03.01,03,0,  1. Adi Hisse Senedi Sahiplerine (TL %),,,0,0,0,0,0,,35.0000000000,0,,
600,6,4,03.02,03,0,  2. İmtiyazlı Hisse Senedi Sahiplerine (TL %),,,0,0,0,0,0,,36.0000000000,0,,
601,6,1,04,,1,D- HİSSE BAŞINA TEMETTÜ (Ortaklara Dağıtılan Toplam Net Kar),,,0,0,0,0,0,,37.0000000000,0,,
602,6,4,04.01,04,0,  1. Adi Hisse Senedi Sahiplerine (TL %),,,0,0,0,0,0,,38.0000000000,0,,
603,6,4,04.02,04,0,  2. İmtiyazlı Hisse Senedi Sahiplerine (TL %),,,0,0,0,0,0,,39.0000000000,0,,
604,7,1,06,,1,TESLİM VE HİZMETLERİN KARŞILIĞINI TEŞKİL EDEN BEDEL,,,0,0,0,0,0,,1.0000000000,,,
605,7,2,06.01,06,2,,,,0,0,0,0,0,,2.0000000000,,,
606,7,1,09,,1,% XX İÇİN MATRAH,,,0,0,0,0,0,,3.0000000000,,,
607,7,2,09.01,09,2,,,,0,0,0,0,0,,4.0000000000,,,
608,7,1,10,,1,% XX İÇİN VERGİ,,,0,0,0,0,0,,5.0000000000,,,
609,7,2,10.01,10,2,,,,0,0,0,0,0,,6.0000000000,,,
610,7,1,11,,1,% XX İÇİN MATRAH,,,0,0,0,0,0,,7.0000000000,,,
611,7,2,11.01,11,2,,,,0,0,0,0,0,,8.0000000000,,,
612,7,1,12,,1,% XX İÇİN VERGİ,,,0,0,0,0,0,,9.0000000000,,,
613,7,2,12.01,12,2,,,,0,0,0,0,0,,10.0000000000,,,
614,7,1,13,,1,% XX İÇİN MATRAH,,,0,0,0,0,0,,11.0000000000,,,
615,7,2,13.01,13,2,,,,0,0,0,0,0,,12.0000000000,,,
616,7,1,14,,1,% XX İÇİN VERGİ,,,0,0,0,0,0,,13.0000000000,,,
617,7,2,14.01,14,2,,,,0,0,0,0,0,,14.0000000000,,,
618,7,1,15,,1,% XX İÇİN MATRAH,,,0,0,0,0,0,,15.0000000000,,,
619,7,2,15.01,15,2,,,,0,0,0,0,0,,16.0000000000,,,
620,7,1,16,,1,% XX İÇİN VERGI,,,0,0,0,0,0,,17.0000000000,,,
621,7,2,16.01,16,2,,,,0,0,0,0,0,,18.0000000000,,,
622,7,1,17,,1,% XX İÇİN MATRAH,,,0,0,0,0,0,,19.0000000000,,,
623,7,2,17.01,17,2,,,,0,0,0,0,0,,20.0000000000,,,
624,7,1,18,,1,% XX İÇİN VERGI,,,0,0,0,0,0,,21.0000000000,,,
625,7,2,18.01,18,2,,,,0,0,0,0,0,,22.0000000000,,,
626,7,1,20,,1,İLAVE EDİLECEK KDV,,,0,0,0,0,0,,23.0000000000,,,
627,7,2,20.01,20,2,,,,0,0,0,0,0,,24.0000000000,,,
628,7,1,23,,1,BU DÖNEME AİT İNDİRİLECEK KDV,,,0,0,0,0,0,,25.0000000000,,,
629,7,2,23.01,23,2,,,,0,0,0,0,0,,26.0000000000,,,
630,7,1,24,,1,"SATIŞLARDAN İADE EDİLEN, İŞLEMİ GERÇEKLEŞMEYEN VEYA İŞLEMİNDEN VAZGEÇİLEN MAL",,,0,0,0,0,0,,27.0000000000,,,
631,7,2,24.01,24,2,,,,0,0,0,0,0,,28.0000000000,,,
632,7,1,25,,1,TÜRKİYEDE İKAMET ETMEYEN YOLCULARA BU DÖNEMDE İADE EİLEN KDV,,,0,0,0,0,0,,29.0000000000,,,
633,7,2,25.01,25,2,,,,0,0,0,0,0,,30.0000000000,,,
634,7,1,31,,1,ÖZEL MATRAH ŞEKLİNE TABİ İŞLEMLERDE MATRAHA DAHİL OLMAYAN BEDEL,,,0,0,0,0,0,,31.0000000000,,,
635,7,2,31.01,31,2,,,,0,0,0,0,0,,32.0000000000,,,
636,7,1,32,,1,KISMİ İSTİSNALAR,,,0,0,0,0,0,,33.0000000000,,,
637,7,2,32.01,32,2,,,,0,0,0,0,0,,34.0000000000,,,
638,7,1,33,,1,İHRACAT İSTİSNASI,,,0,0,0,0,0,,35.0000000000,,,
639,7,2,33.01,33,2,,,,0,0,0,0,0,,36.0000000000,,,
640,7,1,34,,1,YÜKLENİLEN KDV,,,0,0,0,0,0,,37.0000000000,,,
641,7,2,34.01,34,2,,,,0,0,0,0,0,,38.0000000000,,,
642,7,1,35,,1,"DENİZ, HAVA VE DEMİR YOLU TAŞIMA ARAÇLARINA İLİŞKİN İSTİSNA",,,0,0,0,0,0,,39.0000000000,,,
643,7,2,35.01,35,2,,,,0,0,0,0,0,,40.0000000000,,,
644,7,1,36,,1,YÜKLENİLEN KDV,,,0,0,0,0,0,,41.0000000000,,,
645,7,2,36.01,36,2,,,,0,0,0,0,0,,42.0000000000,,,
646,7,1,37,,1,LİMAN VE HAVA MEYDANLARINDA YAPILAN HİZMETLERE İLİŞKİN İSTİSNA,,,0,0,0,0,0,,43.0000000000,,,
647,7,2,37.01,37,2,,,,0,0,0,0,0,,44.0000000000,,,
648,7,1,38,,1,YÜKLENİLEN KDV,,,0,0,0,0,0,,45.0000000000,,,
649,7,2,38.01,38,2,,,,0,0,0,0,0,,46.0000000000,,,
650,7,1,39,,1,PETROL ARAMA FAALİYETLERİNE İLİŞKİN İSTİSNA,,,0,0,0,0,0,,47.0000000000,,,
651,7,2,39.01,39,2,,,,0,0,0,0,0,,48.0000000000,,,
652,7,1,40,,1,YÜKLENİLEN KDV,,,0,0,0,0,0,,49.0000000000,,,
653,7,2,40.01,40,2,,,,0,0,0,0,0,,50.0000000000,,,
654,7,1,41,,1,TEŞVİK BELGELİ YATIRIM MALLARINA İLİŞKİN İSTİSNA,,,0,0,0,0,0,,51.0000000000,,,
655,7,2,41.01,41,2,,,,0,0,0,0,0,,52.0000000000,,,
656,7,1,42,,1,YÜKLENİLEN KDV,,,0,0,0,0,0,,53.0000000000,,,
657,7,2,42.01,42,2,,,,0,0,0,0,0,,54.0000000000,,,
658,7,1,43,,1,TRANSİT VE ULUSLARARASI TAŞIMACILIK İSTİSNASI,,,0,0,0,0,0,,55.0000000000,,,
659,7,2,43.01,43,2,,,,0,0,0,0,0,,56.0000000000,,,
660,7,1,44,,1,YÜKLENİLEN KDV,,,0,0,0,0,0,,57.0000000000,,,
661,7,2,44.01,44,2,,,,0,0,0,0,0,,58.0000000000,,,
662,7,1,45,,1,TÜRKİYEDE İKAMET ETMEYEN YOLCULARA İLİŞKİN İSTİSNA,,,0,0,0,0,0,,59.0000000000,,,
663,7,2,45.01,45,2,,,,0,0,0,0,0,,60.0000000000,,,
664,7,1,46,,1,YÜKLENİLEN KDV,,,0,0,0,0,0,,61.0000000000,,,
665,7,2,46.01,46,2,,,,0,0,0,0,0,,62.0000000000,,,
666,7,1,47,,1,DİPLOMATİK VE ULUSLARARASI KURULUŞLARA İLİŞKİN İSTİSNA,,,0,0,0,0,0,,63.0000000000,,,
667,7,2,47.01,47,2,,,,0,0,0,0,0,,64.0000000000,,,
668,7,1,48,,1,YÜKLENİLEN KDV,,,0,0,0,0,0,,65.0000000000,,,
669,7,2,48.01,48,2,,,,0,0,0,0,0,,66.0000000000,,,
670,7,1,49,,1,SORUMLULUK UYGULAMASI KAPSAMINDA HURDA VE METAL TESLİMLERİ,,,0,0,0,0,0,,67.0000000000,,,
671,7,2,49.01,49,2,,,,0,0,0,0,0,,68.0000000000,,,
672,7,1,50,,1,YÜKLENİLEN KDV,,,0,0,0,0,0,,69.0000000000,,,
673,7,2,50.01,50,2,,,,0,0,0,0,0,,70.0000000000,,,
674,7,1,54,,1,% XX İÇİN İHRAÇ KAYDIYLA TESLİM BEDELİ,,,0,0,0,0,0,,71.0000000000,,,
675,7,2,54.01,54,2,,,,0,0,0,0,0,,72.0000000000,,,
676,7,1,55,,1,% XX İÇİN VERGİ,,,0,0,0,0,0,,73.0000000000,,,
677,7,2,55.01,55,2,,,,0,0,0,0,0,,74.0000000000,,,
678,7,1,56,,1,% XX İÇİN İHRAÇ KAYDIYLA TESLİM BEDELİ,,,0,0,0,0,0,,75.0000000000,,,
679,7,2,56.01,56,2,,,,0,0,0,0,0,,76.0000000000,,,
680,7,1,57,,1,% XX İÇİN VERGİ,,,0,0,0,0,0,,77.0000000000,,,
681,7,2,57.01,57,2,,,,0,0,0,0,0,,78.0000000000,,,
682,7,1,58,,1,% XX İÇİN İHRAÇ KAYDIYLA TESLİM BEDELİ,,,0,0,0,0,0,,79.0000000000,,,
683,7,2,58.01,58,2,,,,0,0,0,0,0,,80.0000000000,,,
684,7,1,59,,1,% XX İÇİN VERGİ,,,0,0,0,0,0,,81.0000000000,,,
685,7,2,59.01,59,2,,,,0,0,0,0,0,,82.0000000000,,,
686,7,1,60,,1,% XX İÇİN İHRAÇ KAYDIYLA TESLİM BEDELİ,,,0,0,0,0,0,,83.0000000000,,,
687,7,2,60.01,60,2,,,,0,0,0,0,0,,84.0000000000,,,
688,7,1,61,,1,% XX İÇİN VERGİ,,,0,0,0,0,0,,85.0000000000,,,
689,7,2,61.01,61,2,,,,0,0,0,0,0,,86.0000000000,,,
690,7,1,65,,1,Kredi Kartı Karşılığı Yapılan Teslim ve Hizmetleri Teşkil Eden Bedel,,,0,0,0,0,0,,87.0000000000,,,
691,7,2,65.01,65,2,,,,0,0,0,0,0,,88.0000000000,,,
692,8,1,08,,1,,,,0,0,0,0,0,,1.0000000000,,,
693,8,2,08.01,08,2,XXX TÜR KODU İÇİN ÖDEMELERİN GAYRİ SAFİ TUTARI,,,0,0,0,0,0,,2.0000000000,,,
694,8,2,08.02,08,2,XXX TÜR KODU İÇİN GELİR VERGİSİ KESİNTİSİ TUTARI,,,0,0,0,0,0,,3.0000000000,,,
695,8,1,09,,1,,,,0,0,0,0,0,,4.0000000000,,,
696,8,2,09.01,09,2,XXX TÜR KODU İÇİN ÖDEMELERİN GAYRİ SAFİ TUTARI,,,0,0,0,0,0,,5.0000000000,,,
697,8,2,09.02,09,2,XXX TÜR KODU İÇİN GELİR VERGİSİ KESİNTİSİ TUTARI,,,0,0,0,0,0,,6.0000000000,,,
698,8,1,10,,1,,,,0,0,0,0,0,,7.0000000000,,,
699,8,2,10.01,10,2,XXX TÜR KODU İÇİN ÖDEMELERİN GAYRİ SAFİ TUTARI,,,0,0,0,0,0,,8.0000000000,,,
700,8,2,10.02,10,2,XXX TÜR KODU İÇİN GELİR VERGİSİ KESİNTİSİ TUTARI,,,0,0,0,0,0,,9.0000000000,,,
701,8,1,11,,1,,,,0,0,0,0,0,,10.0000000000,,,
702,8,2,11.01,11,2,XXX TÜR KODU İÇİN ÖDEMELERİN GAYRİ SAFİ TUTARI,,,0,0,0,0,0,,11.0000000000,,,
703,8,2,11.02,11,2,XXX TÜR KODU İÇİN GELİR VERGİSİ KESİNTİSİ TUTARI,,,0,0,0,0,0,,12.0000000000,,,
704,8,1,12,,1,,,,0,0,0,0,0,,13.0000000000,,,
705,8,2,12.01,12,2,XXX TÜR KODU İÇİN ÖDEMELERİN GAYRİ SAFİ TUTARI,,,0,0,0,0,0,,14.0000000000,,,
706,8,2,12.02,12,2,XXX TÜR KODU İÇİN GELİR VERGİSİ KESİNTİSİ TUTARI,,,0,0,0,0,0,,15.0000000000,,,
707,8,1,13,,1,,,,0,0,0,0,0,,16.0000000000,,,
708,8,2,13.01,13,2,XXX TÜR KODU İÇİN ÖDEMELERİN GAYRİ SAFİ TUTARI,,,0,0,0,0,0,,17.0000000000,,,
709,8,2,13.02,13,2,XXX TÜR KODU İÇİN GELİR VERGİSİ KESİNTİSİ TUTARI,,,0,0,0,0,0,,18.0000000000,,,
710,8,1,14,,1,,,,0,0,0,0,0,,19.0000000000,,,
711,8,2,14.01,14,2,XXX TÜR KODU İÇİN ÖDEMELERİN GAYRİ SAFİ TUTARI,,,0,0,0,0,0,,20.0000000000,,,
712,8,2,14.02,14,2,XXX TÜR KODU İÇİN GELİR VERGİSİ KESİNTİSİ TUTARI,,,0,0,0,0,0,,21.0000000000,,,
713,8,1,15,,1,,,,0,0,0,0,0,,22.0000000000,,,
714,8,2,15.01,15,2,XXX TÜR KODU İÇİN ÖDEMELERİN GAYRİ SAFİ TUTARI,,,0,0,0,0,0,,23.0000000000,,,
715,8,2,15.02,15,2,XXX TÜR KODU İÇİN GELİR VERGİSİ KESİNTİSİ TUTARI,,,0,0,0,0,0,,24.0000000000,,,
716,8,1,16,,1,,,,0,0,0,0,0,,25.0000000000,,,
717,8,2,16.01,16,2,XXX TÜR KODU İÇİN ÖDEMELERİN GAYRİ SAFİ TUTARI,,,0,0,0,0,0,,26.0000000000,,,
718,8,2,16.02,16,2,XXX TÜR KODU İÇİN GELİR VERGİSİ KESİNTİSİ TUTARI,,,0,0,0,0,0,,27.0000000000,,,
719,8,1,17,,1,,,,0,0,0,0,0,,28.0000000000,,,
720,8,2,17.01,17,2,XXX TÜR KODU İÇİN ÖDEMELERİN GAYRİ SAFİ TUTARI,,,0,0,0,0,0,,29.0000000000,,,
721,8,2,17.02,17,2,XXX TÜR KODU İÇİN GELİR VERGİSİ KESİNTİSİ TUTARI,,,0,0,0,0,0,,30.0000000000,,,
722,8,1,18,,1,GELİR VERGİSİNE MAHSUP EDİLECEK TEVKİFAT TUTARI,,,0,0,0,0,0,,31.0000000000,,,
723,8,2,18.01,18,2,,,,0,0,0,0,0,,32.0000000000,,,
724,8,1,19,,1,ÖZEL GİDER İNDİRİMİNDEN DOĞAN MAHSUP EDİLECEK GELİR VERGİSİ,,,0,0,0,0,0,,33.0000000000,,,
725,8,2,19.01,19,2,,,,0,0,0,0,0,,34.0000000000,,,
726,8,9,,,, ,,,,,,,,,35.0000000000,,,
727,8,9,,,,============================================================================================================================,,,,,,,,,36.0000000000,,,
728,8,9,,,, ,,,,,,,,,37.0000000000,,,
729,8,1,200,,1,TABLO III,,,0,0,0,0,0,,38.0000000000,,,
730,8,9,,,, ,,,,,,,,,39.0000000000,,,
731,8,1,200.01,200,2,1. SATIR,,,0,0,0,0,0,,40.0000000000,,,
732,8,9,,,, ,,,,,,,,,41.0000000000,,,
733,8,1,200.01.01,200.01,3,XXX TÜR KODU,,,0,0,0,0,0,,42.0000000000,,,
734,8,1,200.01.02,200.01,3,ADI SOYADI ( ÜNVANI ) / ADRESİ,,,0,0,0,0,0,,43.0000000000,,,
735,8,1,200.01.03,200.01,3,VERGİ DAİRESİ / VERGİ KİMLİK NO,,,0,0,0,0,0,,44.0000000000,,,
736,8,1,200.01.04,200.01,3,GAYRİ SAFİ TUTARI,,,0,0,0,0,0,,45.0000000000,,,
737,8,2,200.01.04.01,200.01.04,4,,,,0,0,0,0,0,,46.0000000000,,,
738,8,2,200.01.04.02,200.01.04,4,,,,0,0,0,0,0,,47.0000000000,,,
739,8,1,200.01.05,200.01,3,KESİLEN GELİR VERGİSİ TUTARI,,,0,0,0,0,0,,48.0000000000,,,
740,8,2,200.01.05.01,200.01.05,4,,,,0,0,0,0,0,,49.0000000000,,,
741,8,2,200.01.05.02,200.01.05,4,,,,0,0,0,0,0,,50.0000000000,,,
742,8,1,200.01.06,200.01,3,KESİLEN FON PAYI TUTARI,,,0,0,0,0,0,,51.0000000000,,,
743,8,2,200.01.06.01,200.01.06,4,,,,0,0,0,0,0,,52.0000000000,,,
744,8,2,200.01.06.02,200.01.06,4,,,,0,0,0,0,0,,53.0000000000,,,
745,8,9,,,, ,,,,,,,,,54.0000000000,,,
746,8,9,,,,============================================================================================================================,,,,,,,,,55.0000000000,,,
747,8,9,,,, ,,,,,,,,,56.0000000000,,,
748,8,1,200.02,200,2,2. SATIR,,,0,0,0,0,0,,57.0000000000,,,
749,8,9,,,, ,,,,,,,,,58.0000000000,,,
750,8,1,200.02.01,200.02,3,XXX TÜR KODU,,,0,0,0,0,0,,59.0000000000,,,
751,8,1,200.02.02,200.02,3,ADI SOYADI ( ÜNVANI ) / ADRESİ,,,0,0,0,0,0,,60.0000000000,,,
752,8,1,200.02.03,200.02,3,VERGİ DAİRESİ / VERGİ KİMLİK NO,,,0,0,0,0,0,,61.0000000000,,,
753,8,1,200.02.04,200.02,3,GAYRİ SAFİ TUTARI,,,0,0,0,0,0,,62.0000000000,,,
754,8,2,200.02.04.01,200.02.04,4,,,,0,0,0,0,0,,63.0000000000,,,
755,8,2,200.02.04.02,200.02.04,4,,,,0,0,0,0,0,,64.0000000000,,,
756,8,1,200.02.05,200.02,3,KESİLEN GELİR VERGİSİ TUTARI,,,0,0,0,0,0,,65.0000000000,,,
757,8,2,200.02.05.01,200.02.05,4,,,,0,0,0,0,0,,66.0000000000,,,
758,8,2,200.02.05.02,200.02.05,4,,,,0,0,0,0,0,,67.0000000000,,,
759,8,1,200.02.06,200.02,3,KESİLEN FON PAYI TUTARI,,,0,0,0,0,0,,68.0000000000,,,
760,8,2,200.02.06.01,200.02.06,4,,,,0,0,0,0,0,,69.0000000000,,,
761,8,2,200.02.06.02,200.02.06,4,,,,0,0,0,0,0,,70.0000000000,,,
762,8,9,,,, ,,,,,,,,,71.0000000000,,,
763,8,9,,,,============================================================================================================================,,,,,,,,,72.0000000000,,,
764,8,9,,,, ,,,,,,,,,73.0000000000,,,
765,8,1,200.03,200,2,3. SATIR,,,0,0,0,0,0,,74.0000000000,,,
766,8,9,,,, ,,,,,,,,,75.0000000000,,,
767,8,1,200.03.01,200.03,3,XXX TÜR KODU,,,0,0,0,0,0,,76.0000000000,,,
768,8,1,200.03.02,200.03,3,ADI SOYADI ( ÜNVANI ) / ADRESİ,,,0,0,0,0,0,,77.0000000000,,,
769,8,1,200.03.03,200.03,3,VERGİ DAİRESİ / VERGİ KİMLİK NO,,,0,0,0,0,0,,78.0000000000,,,
770,8,1,200.03.04,200.03,3,GAYRİ SAFİ TUTARI,,,0,0,0,0,0,,79.0000000000,,,
771,8,2,200.03.04.01,200.03.04,4,,,,0,0,0,0,0,,80.0000000000,,,
772,8,2,200.03.04.02,200.03.04,4,,,,0,0,0,0,0,,81.0000000000,,,
773,8,1,200.03.05,200.03,3,KESİLEN GELİR VERGİSİ TUTARI,,,0,0,0,0,0,,82.0000000000,,,
774,8,2,200.03.05.01,200.03.05,4,,,,0,0,0,0,0,,83.0000000000,,,
775,8,2,200.03.05.02,200.03.05,4,,,,0,0,0,0,0,,84.0000000000,,,
776,8,1,200.03.06,200.03,3,KESİLEN FON PAYI TUTARI,,,0,0,0,0,0,,85.0000000000,,,
777,8,2,200.03.06.01,200.03.06,4,,,,0,0,0,0,0,,86.0000000000,,,
778,8,2,200.03.06.02,200.03.06,4,,,,0,0,0,0,0,,87.0000000000,,,
779,8,9,,,, ,,,,,,,,,88.0000000000,,,
780,8,9,,,,============================================================================================================================,,,,,,,,,89.0000000000,,,
781,8,9,,,, ,,,,,,,,,90.0000000000,,,
782,8,1,200.04,200,2,4. SATIR,,,0,0,0,0,0,,91.0000000000,,,
783,8,9,,,, ,,,,,,,,,92.0000000000,,,
784,8,1,200.04.01,200.04,3,XXX TÜR KODU,,,0,0,0,0,0,,93.0000000000,,,
785,8,1,200.04.02,200.04,3,ADI SOYADI ( ÜNVANI ) / ADRESİ,,,0,0,0,0,0,,94.0000000000,,,
786,8,1,200.04.03,200.04,3,VERGİ DAİRESİ / VERGİ KİMLİK NO,,,0,0,0,0,0,,95.0000000000,,,
787,8,1,200.04.04,200.04,3,GAYRİ SAFİ TUTARI,,,0,0,0,0,0,,96.0000000000,,,
788,8,2,200.04.04.01,200.04.04,4,,,,0,0,0,0,0,,97.0000000000,,,
789,8,2,200.04.04.02,200.04.04,4,,,,0,0,0,0,0,,98.0000000000,,,
790,8,1,200.04.05,200.04,3,KESİLEN GELİR VERGİSİ TUTARI,,,0,0,0,0,0,,99.0000000000,,,
791,8,2,200.04.05.01,200.04.05,4,,,,0,0,0,0,0,,100.0000000000,,,
792,8,2,200.04.05.02,200.04.05,4,,,,0,0,0,0,0,,101.0000000000,,,
793,8,1,200.04.06,200.04,3,KESİLEN FON PAYI TUTARI,,,0,0,0,0,0,,102.0000000000,,,
794,8,2,200.04.06.01,200.04.06,4,,,,0,0,0,0,0,,103.0000000000,,,
795,8,2,200.04.06.02,200.04.06,4,,,,0,0,0,0,0,,104.0000000000,,,
796,9,1,07,,1,TİCARİ KAZANÇ ( KURUM KAZANCI ),,,0,0,0,0,0,,1.0000000000,,,
797,9,2,07.01,07,2,,,,0,0,0,0,0,,2.0000000000,,,
798,9,1,08,,1,SERBEST MESLEK KAZANCI,,,0,0,0,0,0,,3.0000000000,,,
799,9,2,08.01,08,2,,,,0,0,0,0,0,,4.0000000000,,,
800,9,1,09,,1,KANUNEN KABUL EDİLMEYEN GİDERLER,,,0,0,0,0,0,,5.0000000000,,,
801,9,2,09.01,09,2,,,,0,0,0,0,0,,6.0000000000,,,
802,9,1,10,,1,ZARAR OLSA DAHİ İNDİRİLECEK İSTİSNALAR,,,0,0,0,0,0,,7.0000000000,,,
803,9,2,10.01,10,2,,,,0,0,0,0,0,,8.0000000000,,,
804,9,1,15,,1,MAHSUP EDİLECEK GEÇMİŞ YIL ZARARLARI,,,0,0,0,0,0,,9.0000000000,,,
805,9,2,15.01,15,2,,,,0,0,0,0,0,,10.0000000000,,,
806,9,1,17,,1,RİSTURNLAR,,,0,0,0,0,0,,11.0000000000,,,
807,9,2,17.01,17,2,,,,0,0,0,0,0,,12.0000000000,,,
808,9,1,18,,1,YATIRIM İNDİRİMİ,,,0,0,0,0,0,,13.0000000000,,,
809,9,2,18.01,18,2,,,,0,0,0,0,0,,14.0000000000,,,
810,9,1,19,,1,BAĞIŞ VE YARDIMLAR,,,0,0,0,0,0,,15.0000000000,,,
811,9,2,19.01,19,2,,,,0,0,0,0,0,,16.0000000000,,,
812,9,1,20,,1,DİĞER İNDİRİMLER,,,0,0,0,0,0,,17.0000000000,,,
813,9,2,20.01,20,2,,,,0,0,0,0,0,,18.0000000000,,,
814,9,1,26,,1,ÖNCEKİ DÖNEMLERDE HESAPLANAN GEÇİCİ VERGİ,,,0,0,0,0,0,,19.0000000000,,,
815,9,2,26.01,26,2,,,,0,0,0,0,0,,20.0000000000,,,
816,9,1,28,,1,MAHSUP EDİLECEK TEVKİFAT TUTARI,,,0,0,0,0,0,,21.0000000000,,,
817,9,2,28.01,20,2,,,,0,0,0,0,0,,22.0000000000,,,
818,2,1,01,,1,  A- BRÜT SATIŞLAR,,,0,0,0,0,0,,1.0000000000,0,,5001
819,2,2,01.1,01,2,     1. Yurtiçi Satışlar,600,,0,0,2,0,0,,2.0000000000,0,,5002
820,2,2,01.2,01,2,     2. Yurtdışı Satışlar ,601,,0,0,2,0,0,,3.0000000000,0,,5003
821,2,2,01.3,01,2,     3. Diğer Gelirler,602,,0,0,2,0,0,,4.0000000000,0,,5004
822,2,1,02,,1,  B- SATIŞ İNDİRİMLERİ (-),,,0,0,0,0,0,,5.0000000000,0,,5005
823,2,2,02.1,02,2,     1. Satıştan İadeler (-),610,,0,0,0,0,0,,6.0000000000,0,,5006
824,2,2,02.2,02,2,     2. Satış İskontoları (-),611,,0,0,0,0,0,,7.0000000000,0,,5007
825,2,2,02.3,02,2,     3. Diğer İndirimler (-),612,,0,0,0,0,0,,8.0000000000,0,,5008
826,2,5,,,0,                           C- NET SATIŞLAR,,,0,0,0,0,0,P01-P02,9.0000000000,0,,5009
827,2,1,04,,1,  D- SATIŞLARIN MALİYETİ (-),,,0,0,0,1,0,,10.0000000000,0,,5010
828,2,2,04.1,04,2,     1. Satılan Mamuller Maliyeti (-),620,,0,0,0,0,0,,11.0000000000,0,,5011
829,2,2,04.2,04,2,     2. Satılan Ticari Mallar Maliyeti (-),621,,0,0,0,0,0,,12.0000000000,0,,5012
830,2,2,04.3,04,2,     3. Satılan Hizmet Maliyeti (-),622,,0,0,0,0,0,,13.0000000000,0,,5013
831,2,2,04.4,04,2,     4. Diğer Satışların Maliyeti (-),623,,0,0,0,0,0,,14.0000000000,0,,5014
832,2,5,,,0,                           BRÜT SATIŞ KARI VEYA ZARARI,,,0,0,0,0,0,P01-P02-P04,15.0000000000,0,,5015
833,2,1,05,,1,  E- FAALİYET GİDERLERİ (-),,,0,0,0,1,0,,16.0000000000,0,,5016
834,2,2,05.1,05,2,     1. Araştırma ve Geliştirme Giderleri (-),630,,0,0,0,0,0,,17.0000000000,0,,5017
835,2,2,05.2,05,2,"     2. Pazarlama, Satış ve Dağıtım Giderleri (-)",631,,0,0,0,0,0,,18.0000000000,0,,5018
836,2,2,05.3,05,2,     3. Genel Yönetim Giderleri (-),632,,0,0,0,0,0,,19.0000000000,0,,5019
837,2,1,06,,1,  F- DİĞER FAALİYETLERDEN OLAĞAN GELİR VEYA KARLAR,,,0,0,0,0,0,,21.0000000000,0,,5021
838,2,5,,,0,                           FAALİYET KARI VEYA ZARARI,,,0,0,0,0,0,P01-P02-P04-P05,20.0000000000,0,,5020
839,2,2,06.1,06,2,     1. İştiraklerden Temettü Gelirleri,640,,0,0,2,0,0,,22.0000000000,0,,5022
840,2,2,06.2,06,2,     2. Bağlı Ortaklıklardan Temettü Gelirleri,641,,0,0,2,0,0,,23.0000000000,0,,5023
841,2,2,06.3,06,2,     3. Faiz Gelirleri,642,,0,0,2,0,0,,24.0000000000,0,,5024
842,2,2,06.4,06,2,     4. Komisyon Gelirleri,643,,0,0,2,0,0,,25.0000000000,0,,5025
843,2,2,06.5,06,2,     5. Konusu Kalmayan Karşılıklar,644,,0,0,2,0,0,,26.0000000000,0,,5026
844,2,2,06.6,06,2,     6. Menkul Kıymet Satış Karları,645,,0,0,2,1,0,,27.0000000000,0,,5027
845,2,2,06.7,06,2,     7. Kambiyo Karları ,646,,0,0,2,0,0,,28.0000000000,0,,5028
846,2,2,06.8,06,2,     8. Reeskont Faiz Gelirleri,647,,0,0,2,0,0,,29.0000000000,0,,5029
847,2,2,06.9,06,2,     9. Enflasyon Düzeltmesi Karları,649,,0,0,2,0,0,,30.0000000000,0,,5030
848,2,1,07,,1,  G- DİĞER FAALİYETLERDEN GİDER VE ZARARLAR (-),,,0,0,0,1,0,,31.0000000000,0,,5031
849,2,2,07.1,07,2,     1. Komisyon Giderleri,653,,0,0,0,0,0,,32.0000000000,0,,5032
850,2,2,07.2,07,2,     2. Karşılık Giderleri,654,,0,0,0,0,0,,33.0000000000,0,,5033
851,2,2,07.3,07,2,     3. Menkul Kıymet Satış Zararları,655,,0,0,0,0,0,,34.0000000000,0,,5034
852,2,2,07.4,07,2,     4. Kambiyo Zararları,656,,0,0,0,0,0,,35.0000000000,0,,5035
853,2,2,07.5,07,2,     5. Reeskont Faiz Giderleri,657,,0,0,0,0,0,,36.0000000000,0,,5036
854,2,2,07.6,07,2,     6. Enflasyon Düzeltmesi Zararları,659,,0,0,0,0,0,,37.0000000000,0,,5037
855,2,1,08,,1,  H- FİNANSMAN GİDERLERİ (-),,,0,0,0,1,0,,38.0000000000,0,,5039
856,2,2,08.1,08,2,     1. Kısa Vadeli Borçlanma Giderleri (-),660,,0,0,0,0,0,,39.0000000000,0,,5040
857,2,2,08.2,08,2,     2. Uzun Vadeli Borçlanma Giderleri (-),661,,0,0,0,0,0,,40.0000000000,0,,5041
858,2,5,,,0,                           OLAĞAN KAR VEYA ZARAR,,,0,0,0,0,0,P01-P02-P04-P05+P06-P07-P08,41.0000000000,0,,5042
859,2,1,09,,1,  I- OLAĞANDIŞI GELİR VE KARLAR,,,0,0,0,0,0,,42.0000000000,0,,5043
860,2,2,09.1,09,2,     1. Önceki Dönem Gelir ve Karları,671,,0,0,2,0,0,,43.0000000000,0,,5044
861,2,2,09.2,09,2,     2. Diğer Olağandışı Gelir ve Karlar,679,,0,0,2,0,0,,44.0000000000,0,,5045
862,2,1,10,,1,  J- OLAĞANDIŞI GİDER VE ZARARLAR (-),,,0,0,0,1,0,,45.0000000000,0,,5046
863,2,2,10.1,10,2,     1. Çalışmayan Kısım Gider ve Zararları (-),680,,0,0,0,0,0,,46.0000000000,0,,5047
864,2,2,10.2,10,2,     2. Önceki Dönem Gider ve Zararlar (-),681,,0,0,0,0,0,,47.0000000000,0,,5048
865,2,2,10.3,10,2,     3. Diğer Olağandışı Gider ve Zararlar (-),689,,0,0,0,0,0,,48.0000000000,0,,5049
866,2,5,,,0,                           DÖNEM KARI VEYA ZARARI,,,0,0,0,0,0,P01-P02-P04-P05+P06-P07-P08+P09-P10,49.0000000000,0,,5050
867,2,2,11,,1,  K- DÖNEM KARI VERGİ VE DİĞER YASAL YÜKÜMLÜLÜK KARŞILIKLARI (-),691,,0,0,0,1,0,,50.0000000000,0,,5051
868,2,5,,,0,                           DÖNEM NET KARI VEYA ZARARI,,,0,0,0,0,0,P01-P02-P04-P05+P06-P07-P08+P09-P10-P11,51.0000000000,0,,5052
869,2,2,06.10,06,2,     10. Diğer Olağan Gelir ve Karlar,649,,0,0,2,0,0,,30.0000000000,0,,5053
870,1,1,01,,1, I- DÃ–NEN VARLIKLAR,,,0,0,0,0,0,,1.0000000000,0,A,1001
871,1,1,01.1,01,2,  A HAZIR DEÄ?ERLER,,,0,0,0,0,0,,2.0000000000,0,A,1002
872,1,2,01.1.01,01.1,3,     01. Kasa,100,,0,0,0,0,0,,3.0000000000,0,A,1003
873,1,2,01.1.02,01.1,3,     02. AlÄ±nan Ã‡ekler,101,,0,0,0,0,0,,4.0000000000,0,A,1004
874,1,2,01.1.03,01.1,3,     03. Banka ,102,,0,0,0,0,0,,5.0000000000,0,A,1005
875,1,2,01.1.04,01.1,3,     04. Verilen Ã‡ekler ve Ã–deme Emirleri (-),103,,0,0,0,0,0,,6.0000000000,0,A,1006
876,1,2,01.1.05,01.1,3,     05. DiÄŸer HazÄ±r DeÄŸerler,108,,0,0,0,0,0,,7.0000000000,0,A,1007
877,1,1,01.2,01,2,  B MENKUL KIYMETLER,,,0,0,0,0,0,,8.0000000000,0,A,1008
878,1,2,01.2.01,01.2,3,     01. Hisse Senetleri,110,,0,0,0,0,0,,9.0000000000,0,A,1009
879,1,2,01.2.02,01.2,3,"     02. Ã–zel Kesim Tahvil, Senet ve BonolarÄ±",111,,0,0,0,0,0,,10.0000000000,0,A,1010
880,1,2,01.2.03,01.2,3,"     03. Kamu Kesimi Tahvil, Senet ve BonolarÄ±",112,,0,0,0,0,0,,11.0000000000,0,A,1011
881,1,2,01.2.04,01.2,3,     04. DiÄŸer Menkul KÄ±ymetler,118,,0,0,0,0,0,,12.0000000000,0,A,1012
882,1,2,01.2.05,01.2,3,     05. Menkul KÄ±ymetler DeÄŸer DÃ¼ÅŸÃ¼klÃ¼ÄŸÃ¼ KarÅŸÄ±lÄ±ÄŸÄ± (-),119,,0,0,0,0,0,,13.0000000000,0,A,1013
883,1,1,01.3,01,2,  C TÄ°CARÄ° ALACAKLAR,,,0,0,0,0,0,,14.0000000000,0,A,1014
884,1,2,01.3.01,01.3,3,     01. AlÄ±cÄ±lar,120,,0,0,0,0,0,,15.0000000000,0,A,1015
885,1,2,01.3.02,01.3,3,     02. Alacak Senetleri,121,,0,0,0,0,0,,16.0000000000,0,A,1016
886,1,2,01.3.03,01.3,3,     03. Alacak Senetleri Reeskontu (-),122,,0,0,0,0,0,,17.0000000000,0,A,1017
887,1,2,01.3.04,01.3,3,     04-KazanÄ±lmamÄ±ÅŸ Finansal Kiralama Faiz Gelirleri (-),124,,0,0,0,0,0,,18.0000000000,0,A,1018
888,1,2,01.3.05,01.3,3,     05. Verilen Depozito ve Teminatlar,126,,0,0,0,0,0,,18.0000000000,0,A,1019
889,1,2,01.3.06,01.3,3,     06. DiÄŸer Ticari Alacaklar,127,,0,0,0,0,0,,19.0000000000,0,A,1020
890,1,2,01.3.07,01.3,3,     07. Å?Ã¼pheli Ticari Alacaklar,128,,0,0,0,0,0,,20.0000000000,0,A,1021
891,1,2,01.3.08,01.3,3,     08. Å?Ã¼pheli Ticari Alacaklar KarÅŸÄ±lÄ±ÄŸÄ± (-),129,,0,0,0,0,0,,21.0000000000,0,A,1022
892,1,1,01.4,01,2,  D DÄ°Ä?ER ALACAKLAR,,,0,0,0,0,0,,22.0000000000,0,A,1023
893,1,2,01.4.01,01.4,3,     01. Ortaklardan Alacaklar,131,,0,0,0,0,0,,23.0000000000,0,A,1024
894,1,2,01.4.02,01.4,3,     02. Ä°ÅŸtiraklerden Alacaklar,132,,0,0,0,0,0,,24.0000000000,0,A,1025
895,1,2,01.4.03,01.4,3,     03. BaÄŸlÄ± OrtaklÄ±klardan Alacaklar,133,,0,0,0,0,0,,25.0000000000,0,A,1026
896,1,2,01.4.04,01.4,3,     04. Personelden Alacaklar,135,,0,0,0,0,0,,26.0000000000,0,A,1027
897,1,2,01.4.05,01.4,3,     05. DiÄŸer Ã‡eÅŸitli Alacaklar,136,,0,0,0,0,0,,27.0000000000,0,A,1028
898,1,2,01.4.06,01.4,3,     06. DiÄŸer Alacak Senetleri Reeskontu (-),137,,0,0,0,0,0,,28.0000000000,0,A,1029
899,1,2,01.4.07,01.4,3,     07. Å?Ã¼pheli DiÄŸer Alacaklar,138,,0,0,0,0,0,,29.0000000000,0,A,1030
900,1,2,01.4.08,01.4,3,     08. Å?Ã¼pheli DiÄŸer Alacaklar KarÅŸÄ±lÄ±ÄŸÄ± (-),139,,0,0,0,0,0,,30.0000000000,0,A,1031
901,1,1,01.5,01,2,  E STOKLAR,,,0,0,0,0,0,,31.0000000000,0,A,1032
902,1,2,01.5.01,01.5,3,     01. Ä°lk Madde ve Malzeme,150,,0,0,0,0,0,,32.0000000000,0,A,1033
903,1,2,01.5.02,01.5,3,     02. YarÄ± Mamuller - Ãœretim,151,,0,0,0,0,0,,33.0000000000,0,A,1034
904,1,2,01.5.03,01.5,3,     03. Mamuller,152,,0,0,0,0,0,,34.0000000000,0,A,1035
905,1,2,01.5.04,01.5,3,     04. Ticari Mallar,153,,0,0,0,0,0,,35.0000000000,0,A,1036
906,1,2,01.5.05,01.5,3,     05. DiÄŸer Stoklar,157,,0,0,0,0,0,,36.0000000000,0,A,1037
907,1,2,01.5.06,01.5,3,     06. Stok DeÄŸer DÃ¼ÅŸÃ¼klÃ¼ÄŸÃ¼ KarÅŸÄ±lÄ±ÄŸÄ± (-),158,,0,0,0,0,0,,37.0000000000,0,A,1038
908,1,2,01.5.07,01.5,3,     07. Verilen SipariÅŸ AvanslarÄ±,159,,0,0,0,0,0,,38.0000000000,0,A,1039
909,1,1,01.6,01,2,  F YILLARA YAYGIN Ä°NÅ?AAT VE ONARIM MALÄ°YETLERÄ°,,,0,0,0,0,0,,39.0000000000,0,A,1040
910,1,2,01.6.01,01.6,3,     01. YÄ±llara YaygÄ±n Ä°nÅŸaat ve OnarÄ±m Maliyetleri,170,,0,0,0,0,0,,40.0000000000,0,A,1041
911,1,2,01.6.02,01.6,3,     02. YÄ±llara YaygÄ±n Ä°nÅŸaat ve OnarÄ±m Maliyetleri,171,,0,0,0,0,0,,41.0000000000,0,A,1042
912,1,2,01.6.03,01.6,3,     03. YÄ±llara YaygÄ±n Ä°nÅŸaat ve OnarÄ±m Maliyetleri,172,,0,0,0,0,0,,42.0000000000,0,A,
913,1,2,01.6.04,01.6,3,     04. YÄ±llara YaygÄ±n Ä°nÅŸaat ve OnarÄ±m Maliyetleri,173,,0,0,0,0,0,,43.0000000000,0,A,
914,1,2,01.6.05,01.6,3,     05. YÄ±llara YaygÄ±n Ä°nÅŸaat ve OnarÄ±m Maliyetleri,174,,0,0,0,0,0,,44.0000000000,0,A,
915,1,2,01.6.06,01.6,3,     06. YÄ±llara YaygÄ±n Ä°nÅŸaat ve OnarÄ±m Maliyetleri,175,,0,0,0,0,0,,45.0000000000,0,A,
916,1,2,01.6.07,01.6,3,     07. YÄ±llara YaygÄ±n Ä°nÅŸaat ve OnarÄ±m Maliyetleri,176,,0,0,0,0,0,,46.0000000000,0,A,
917,1,2,01.6.08,01.6,3,     08. YÄ±llara YaygÄ±n Ä°nÅŸaat ve OnarÄ±m Maliyetleri,177,,0,0,0,0,0,,47.0000000000,0,A,
918,1,2,01.6.09,01.6,3,     09. YÄ±llara YaygÄ±n Ä°nÅŸaat ve OnarÄ±m Maliyetleri,178,,0,0,0,0,0,,48.0000000000,0,A,
919,1,2,01.6.10,01.6,3,     10. TaÅŸeronlara Verilen Avanslar,179,,0,0,0,0,0,,49.0000000000,0,A,1043
920,1,1,01.7,01,2,  G GELECEK AYLARA AÄ°T GÄ°DERLER VE GELÄ°R TAHAKKUKLARI,,,0,0,0,0,0,,50.0000000000,0,A,1044
921,1,2,01.7.01,01.7,3,     01. Gelecek Aylara Ait Giderler,180,,0,0,0,0,0,,51.0000000000,0,A,1045
922,1,2,01.7.02,01.7,3,     02. Gelir TahakkuklarÄ±,181,,0,0,0,0,0,,52.0000000000,0,A,1046
923,1,1,01.8,01,2,  H DÄ°Ä?ER DÃ–NEN VARLIKLAR,,,0,0,0,0,0,,53.0000000000,0,A,1047
924,1,2,01.8.01,01.8,3,     01. Devreden KDV,190,,0,0,0,0,0,,54.0000000000,0,A,1048
925,1,2,01.8.02,01.8,3,     02. Ä°ndirilecek Katma DeÄŸer Vergisi,191,,0,0,0,0,0,,55.0000000000,0,A,1049
926,1,2,01.8.03,01.8,3,     03. DiÄŸer Katma DeÄŸer Vergisi,192,,0,0,0,0,0,,56.0000000000,0,A,1050
927,1,2,01.8.04,01.8,3,     04. PeÅŸin Ã–denen Vergiler ve Fonlar,193,,0,0,0,0,0,,57.0000000000,0,A,1051
928,1,2,01.8.05,01.8,3,     05. Ä°ÅŸ AvanslarÄ±,195,,0,0,0,0,0,,58.0000000000,0,A,1052
929,1,2,01.8.06,01.8,3,     06.  Personel AvanslarÄ±,196,,0,0,0,0,0,,59.0000000000,0,A,1053
930,1,2,01.8.07,01.8,3,     07. SayÄ±m ve TesellÃ¼m NoksanlarÄ±,197,,0,0,0,0,0,,60.0000000000,0,A,1054
931,1,2,01.8.08,01.8,3,     08. DiÄŸer Ã‡eÅŸitli DÃ¶nen VarlÄ±klar,198,,0,0,0,0,0,,61.0000000000,0,A,1055
932,1,2,01.8.09,01.8,3,     09. DiÄŸer DÃ¶nen VarlÄ±klar KarÅŸÄ±lÄ±ÄŸÄ± (-),199,,0,0,0,0,0,,62.0000000000,0,A,1056
933,1,1,02,,1,II- DURAN VARLIKLAR,,,0,0,0,0,0,,63.0000000000,0,A,1057
934,1,1,02.1,02,2,  A TÄ°CARÄ° ALACAKLAR,,,0,0,0,0,0,,64.0000000000,0,A,1058
935,1,2,02.1.01,02.1,3,     01. AlÄ±cÄ±lar,220,,0,0,0,0,0,,65.0000000000,0,A,1059
936,1,2,02.1.02,02.1,3,     02. Alacak Senetleri,221,,0,0,0,0,0,,66.0000000000,0,A,1060
937,1,2,02.1.03,02.1,3,     03. Alacak Senetleri Reeskontu (-),222,,0,0,0,0,0,,67.0000000000,0,A,1061
938,1,2,02.1.05,02.1,3,     05. Verilen Depozito ve Teminatlar,226,,0,0,0,0,0,,69.0000000000,0,A,1063
939,1,2,02.1.06,02.1,3,     06. Å?Ã¼pheli Alacaklar KarÅŸÄ±lÄ±ÄŸÄ± (-),229,,0,0,0,0,0,,70.0000000000,0,A,1064
940,1,1,02.2,02,2,  B DÄ°Ä?ER ALACAKLAR,,,0,0,0,0,0,,71.0000000000,0,A,1065
941,1,2,02.2.01,02.2,3,     01. Ortaklardan Alacaklar,231,,0,0,0,0,0,,72.0000000000,0,A,1066
942,1,2,02.2.02,02.2,3,     02. Ä°ÅŸtiraklerden Alacaklar,232,,0,0,0,0,0,,73.0000000000,0,A,1067
943,1,2,02.2.03,02.2,3,     03. BaÄŸlÄ± OrtaklÄ±klardan Alacaklar,233,,0,0,0,0,0,,74.0000000000,0,A,1068
944,1,2,02.2.04,02.2,3,     04. Personelden Alacaklar,235,,0,0,0,0,0,,75.0000000000,0,A,1069
945,1,2,02.2.05,02.2,3,     05. DiÄŸer Ã‡eÅŸitli Alacaklar,236,,0,0,0,0,0,,76.0000000000,0,A,1070
946,1,2,02.2.06,02.2,3,     06. DiÄŸer Alacak Senetleri Reeskontu (-),237,,0,0,0,0,0,,77.0000000000,0,A,1071
947,1,2,02.2.07,02.2,3,     07. Å?Ã¼pheli DiÄŸer Alacaklar KarÅŸÄ±lÄ±ÄŸÄ± (-),239,,0,0,0,0,0,,78.0000000000,0,A,1072
948,1,1,02.3,02,2,  C MALÄ° DURAN VARLIKLAR,,,0,0,0,0,0,,79.0000000000,0,A,1073
949,1,2,02.3.01,02.3,3,     01. BaÄŸlÄ± Menkul KÄ±ymetler,240,,0,0,0,0,0,,80.0000000000,0,A,1074
950,1,2,02.3.02,02.3,3,     02. BaÄŸlÄ± Menkul KÄ±ymetler DeÄŸer DÃ¼ÅŸÃ¼klÃ¼ÄŸÃ¼ KarÅŸÄ±lÄ±ÄŸÄ± (-),241,,0,0,0,0,0,,81.0000000000,0,A,1075
951,1,2,02.3.03,02.3,3,     03. Ä°ÅŸtirakler,242,,0,0,0,0,0,,82.0000000000,0,A,1076
952,1,2,02.3.04,02.3,3,     04. Ä°ÅŸtiraklere Sermaye TaahhÃ¼tleri (-),243,,0,0,0,0,0,,83.0000000000,0,A,1077
953,1,2,02.3.05,02.3,3,     05. Ä°ÅŸtirakler Sermaye PaylarÄ± DeÄŸer DÃ¼ÅŸÃ¼klÃ¼ÄŸÃ¼ KarÅŸÄ±lÄ±ÄŸÄ± (-),244,,0,0,0,0,0,,84.0000000000,0,A,1078
954,1,2,02.3.06,02.3,3,     06. BaÄŸlÄ± OrtaklÄ±klar,245,,0,0,0,0,0,,85.0000000000,0,A,1079
955,1,2,02.3.07,02.3,3,     07. BaÄŸlÄ± OrtaklÄ±klara Sermaye TaahhÃ¼tleri (-),246,,0,0,0,0,0,,86.0000000000,0,A,1080
956,1,2,02.3.08,02.3,3,     08. BaÄŸlÄ± OrtaklÄ±klar Sermaye PaylarÄ± DeÄŸer DÃ¼ÅŸÃ¼klÃ¼ÄŸÃ¼ KarÅŸÄ±lÄ±ÄŸÄ± (-),247,,0,0,0,0,0,,87.0000000000,0,A,1081
957,1,2,02.3.09,02.3,3,     09. DiÄŸer Mali Duran VarlÄ±klar,248,,0,0,0,0,0,,88.0000000000,0,A,1082
958,1,2,02.3.10,02.3,3,     10. DiÄŸer Mali Duran VarlÄ±klar DeÄŸer DÃ¼ÅŸÃ¼klÃ¼ÄŸÃ¼ KarÅŸÄ±lÄ±ÄŸÄ± (-),249,,0,0,0,0,0,,89.0000000000,0,A,1083
959,1,1,02.4,02,2,  D MADDÄ° DURAN VARLIKLAR,,,0,0,0,0,0,,90.0000000000,0,A,1084
960,1,2,02.4.01,02.4,3,     01. Arazi ve Arsalar,250,,0,0,0,0,0,,91.0000000000,0,A,1085
961,1,2,02.4.02,02.4,3,     02. Yer AltÄ± ve Yer ÃœstÃ¼ DÃ¼zenleri,251,,0,0,0,0,0,,92.0000000000,0,A,1086
962,1,2,02.4.03,02.4,3,     03. Binalar,252,,0,0,0,0,0,,93.0000000000,0,A,1087
963,1,2,02.4.04,02.4,3,"     04. Tesis, Makine ve Cihazlar",253,,0,0,0,0,0,,94.0000000000,0,A,1088
964,1,2,02.4.05,02.4,3,     05. TaÅŸÄ±tlar,254,,0,0,0,0,0,,95.0000000000,0,A,1089
965,1,2,02.4.06,02.4,3,     06. DemirbaÅŸlar,255,,0,0,0,0,0,,96.0000000000,0,A,1090
966,1,2,02.4.07,02.4,3,     07. DiÄŸer Maddi Duran VarlÄ±klar,256,,0,0,0,0,0,,97.0000000000,0,A,1091
967,1,2,02.4.08,02.4,3,     08. BirikmiÅŸ Amortismanlar (-),257,,0,0,0,0,0,,98.0000000000,0,A,1092
968,1,2,02.4.09,02.4,3,     09. YapÄ±lmakta Olan YatÄ±rÄ±mlar,258,,0,0,0,0,0,,99.0000000000,0,A,1093
969,1,2,02.4.10,02.4,3,     10. Verilen Avanslar,259,,0,0,0,0,0,,100.0000000000,0,A,1094
970,1,1,02.5,02,2,  E MADDÄ° OLMAYAN DURAN VARLIKLAR,,,0,0,0,0,0,,101.0000000000,0,A,1095
971,1,2,02.5.01,02.5,3,     01. Haklar,260,,0,0,0,0,0,,102.0000000000,0,A,1096
972,1,2,02.5.02,02.5,3,     02. Å?erefiye,261,,0,0,0,0,0,,103.0000000000,0,A,1097
973,1,2,02.5.03,02.5,3,     03. KuruluÅŸ ve Ã–rgÃ¼tlenme Giderleri,262,,0,0,0,0,0,,104.0000000000,0,A,1098
974,1,2,02.5.04,02.5,3,     04. AraÅŸtÄ±rma ve GeliÅŸtirme Giderleri,263,,0,0,0,0,0,,105.0000000000,0,A,1099
975,1,2,02.5.05,02.5,3,     05. Ã–zel Maliyetler,264,,0,0,0,0,0,,106.0000000000,0,A,1100
976,1,2,02.5.06,02.5,3,     06. DiÄŸer Maddi Olmayan Duran VarlÄ±klar,267,,0,0,0,0,0,,107.0000000000,0,A,1101
977,1,2,02.5.07,02.5,3,     07. BirikmiÅŸ Amortismanlar (-),268,,0,0,0,0,0,,108.0000000000,0,A,1102
978,1,2,02.5.08,02.5,3,     08. Verilen Avanslar,269,,0,0,0,0,0,,109.0000000000,0,A,1103
979,1,1,02.6,02,2,  F Ã–ZEL TÃœKENMEYE TABÄ° VARLIKLAR,,,0,0,0,0,0,,110.0000000000,0,A,1104
980,1,2,02.6.01,02.6,3,     01. Arama Giderleri,271,,0,0,0,0,0,,111.0000000000,0,A,1105
981,1,2,02.6.02,02.6,3,     02. HazÄ±rlÄ±k ve GeliÅŸtirme Giderleri,272,,0,0,0,0,0,,112.0000000000,0,A,1106
982,1,2,02.6.03,02.6,3,     03. DiÄŸer Ã–zel TÃ¼kenmeye Tabi VarlÄ±klar,277,,0,0,0,0,0,,113.0000000000,0,A,1107
983,1,2,02.6.04,02.6,3,     04. BirikmiÅŸ TÃ¼kenme PaylarÄ± (-),278,,0,0,0,0,0,,114.0000000000,0,A,1108
984,1,2,02.6.05,02.6,3,     05. Verilen Avanslar,279,,0,0,0,0,0,,115.0000000000,0,A,1109
985,1,1,02.7,02,2,  G GELECEK YILLARA AÄ°T GÄ°DERLER VE GELÄ°R TAHAKKUKLARI,,,0,0,0,0,0,,116.0000000000,0,A,1110
986,1,2,02.7.01,02.7,3,     01. Gelecek YÄ±llara Ait Giderler,280,,0,0,0,0,0,,117.0000000000,0,A,1111
987,1,2,02.7.02,02.7,3,     02. Gelir TahakkuklarÄ±,281,,0,0,0,0,0,,118.0000000000,0,A,1112
988,1,1,02.8,02,2,  H DÄ°Ä?ER DURAN VARLIKLAR,,,0,0,0,0,0,,119.0000000000,0,A,1113
989,1,2,02.8.01,02.8,3,     01. Gelecek YÄ±llarda Ä°ndirilecek Katma DeÄŸer Vergisi,291,,0,0,0,0,0,,120.0000000000,0,A,1114
990,1,2,02.8.02,02.8,3,     02. DiÄŸer Katma DeÄŸer Vergisi,292,,0,0,0,0,0,,121.0000000000,0,A,1115
991,1,2,02.8.03,02.8,3,     03. Gelecek YÄ±llar Ä°htiyacÄ± Stoklar,293,,0,0,0,0,0,,121.0000000000,0,A,1116
992,1,2,02.8.04,02.8,3,     04. Elden Ã‡Ä±karÄ±lacak Stoklar ve Maddi  Duran  VarlÄ±klar,294,,0,0,0,0,0,,121.0000000000,0,A,1117
993,1,2,02.8.05,02.8,3,     05. PeÅŸin Ã–denen Vergi Ve Fonlar,295,,0,0,0,0,0,,121.0000000000,0,A,1118
994,1,2,02.8.06,02.8,3,     06. DiÄŸer Ã‡eÅŸitli Duran VarlÄ±klar,297,,0,0,0,0,0,,121.0000000000,0,A,1119
995,1,2,02.8.07,02.8,3,     07. Stok DeÄŸer DÃ¼ÅŸÃ¼klÃ¼ÄŸÃ¼ KarÅŸÄ±lÄ±ÄŸÄ± ( - ),298,,0,0,0,0,0,,121.0000000000,0,A,1120
996,1,2,02.8.08,02.8,3,     08. BirikmiÅŸ Amortismanlar Ve  DeÄŸer DÃ¼ÅŸÃ¼klÃ¼ÄŸÃ¼ KarÅŸÄ±lÄ±ÄŸÄ± ( - ),299,,0,0,0,0,0,,121.0000000000,0,A,1121
997,1,7,,,0,AKTÄ°FLER TOPLAMI,,,0,0,0,0,0,,124.0000000000,0,A,1122
998,1,2,02.1.05,02.1,3,     04. KazanÄ±lmamÄ±ÅŸ Finansal Kiralama Faiz Gelirleri (-),,,0,0,2,0,0,,68.0000000000,0,A,1062
999,1,1,01,,1,   I- KISA VADELÄ° YABANCI KAYNAKLAR,,,0,0,0,0,0,,1.0000000000,0,P,3001
1000,1,1,01.1,01,2,    A MALÄ° BORÃ‡LAR,,,0,0,0,0,0,,2.0000000000,0,P,3002
1001,1,2,01.1.01,01.1,3,      01. Banka Kredileri,300,,0,0,0,0,0,,3.0000000000,0,P,3003
1002,1,2,01.1.02,01.1,3,      02. Finansal Kiralama Ä°ÅŸlemlerinden DoÄŸan BorÃ§lar,301,,0,0,0,0,0,,3.0000000000,0,P,3004
1003,1,2,01.1.03,01.1,3,      03. ErtelenmiÅŸ Finansal Kiralama BorÃ§lanma Maliyetleri (-),302,,0,0,0,0,0,,3.0000000000,0,P,3005
1004,1,2,01.1.04,01.1,3,      04. Uzun Vadeli Kredilerin Anapara Taksitleri ve Faizleri,303,,0,0,0,0,0,,4.0000000000,0,P,3006
1005,1,2,01.1.05,01.1,3,"      05. Tahvil Anapara BorÃ§, Taksit ve Faizleri",304,,0,0,0,0,0,,5.0000000000,0,P,3007
1006,1,2,01.1.06,01.1,3,      06. Ã‡Ä±karÄ±lmÄ±ÅŸ Bonolar ve Senetler,305,,0,0,0,0,0,,6.0000000000,0,P,3008
1007,1,2,01.1.07,01.1,3,      07. Ã‡Ä±karÄ±lmÄ±ÅŸ DiÄŸer Menkul KÄ±ymetler,306,,0,0,0,0,0,,7.0000000000,0,P,3009
1008,1,2,01.1.08,01.1,3,      08. Menkul KÄ±ymetler Ä°hraÃ§ FarkÄ± (-),308,,0,0,0,0,0,,8.0000000000,0,P,3010
1009,1,2,01.1.09,01.1,3,      09. DiÄŸer Mali BorÃ§lar,309,,0,0,0,0,0,,9.0000000000,0,P,3011
1010,1,1,01.2,01,2,    B TÄ°CARÄ° BORÃ‡LAR,,,0,0,0,0,0,,10.0000000000,0,P,3012
1011,1,2,01.2.01,01.2,3,      01. SatÄ±cÄ±lar,320,,0,0,0,0,0,,11.0000000000,0,P,3013
1012,1,2,01.2.02,01.2,3,      02. BorÃ§ Senetleri,321,,0,0,0,0,0,,12.0000000000,0,P,3014
1013,1,2,01.2.03,01.2,3,      03. BorÃ§ Senetleri Reeskontu (-),322,,0,0,0,0,0,,13.0000000000,0,P,3015
1014,1,2,01.2.04,01.2,3,      04. AlÄ±nan Depozito ve Teminatlar,326,,0,0,0,0,0,,14.0000000000,0,P,3016
1015,1,2,01.2.05,01.2,3,      05. DiÄŸer Ticari BorÃ§lar,329,,0,0,0,0,0,,15.0000000000,0,P,3017
1016,1,1,01.3,01,2,    C DÄ°Ä?ER BORÃ‡LAR,,,0,0,0,0,0,,16.0000000000,0,P,3018
1017,1,2,01.3.01,01.3,3,      01. Ortaklara BorÃ§lar,331,,0,0,0,0,0,,17.0000000000,0,P,3019
1018,1,2,01.3.02,01.3,3,      02. Ä°ÅŸtiraklere BorÃ§lar,322,,0,0,0,0,0,,18.0000000000,0,P,3020
1019,1,2,01.3.03,01.3,3,      03. BaÄŸlÄ± OrtaklÄ±klara BorÃ§lar,333,,0,0,0,0,0,,19.0000000000,0,P,3021
1020,1,2,01.3.04,01.3,3,      04. Personele BorÃ§lar,335,,0,0,0,0,0,,20.0000000000,0,P,3022
1021,1,2,01.3.05,01.3,3,      05. DiÄŸer Ã‡eÅŸitli BorÃ§lar,336,,0,0,0,0,0,,21.0000000000,0,P,3023
1022,1,2,01.3.06,01.3,3,      06. DiÄŸer BorÃ§ Senetleri Reeskontu (-),337,,0,0,0,0,0,,22.0000000000,0,P,3024
1023,1,1,01.4,01,2,    D ALINAN AVANSLAR,,,0,0,0,0,0,,23.0000000000,0,P,3025
1024,1,2,01.4.01,01.4,3,      01. AlÄ±nan SipariÅŸ AvanslarÄ±,340,,0,0,0,0,0,,24.0000000000,0,P,3026
1025,1,2,01.4.02,01.4,3,      02. AlÄ±nan HakediÅŸ AvanslarÄ±,341,,0,0,0,0,0,,24.0000000000,0,P,
1026,1,2,01.4.03,01.4,3,      03. AlÄ±nan DiÄŸer Avanslar,349,,0,0,0,0,0,,25.0000000000,0,P,3027
1027,1,1,01.5,01,2,    E YILLARA YAYGIN Ä°NÅ?AAT VE ONARIM HAKEDÄ°Å?LERÄ°,,,0,0,0,0,0,,26.0000000000,0,P,3028
1028,1,2,01.5.01,01.5,3,      01. YÄ±llara YaygÄ±n Ä°nÅŸaat ve OnarÄ±m HakediÅŸ Bedelleri,350,,0,0,0,0,0,,27.0000000000,0,P,3029
1029,1,2,01.5.02,01.5,3,      02. YÄ±llara YaygÄ±n Ä°nÅŸaat ve OnarÄ±m HakediÅŸ Bedelleri,351,,0,0,0,0,0,,28.0000000000,0,P,3030
1030,1,2,01.5.03,01.5,3,      03. YÄ±llara YaygÄ±n Ä°nÅŸaat ve OnarÄ±m HakediÅŸ Bedelleri,352,,0,0,0,0,0,,29.0000000000,0,P,
1031,1,2,01.5.04,01.5,3,      04. YÄ±llara YaygÄ±n Ä°nÅŸaat ve OnarÄ±m HakediÅŸ Bedelleri,353,,0,0,0,0,0,,30.0000000000,0,P,
1032,1,2,01.5.05,01.5,3,      05. YÄ±llara YaygÄ±n Ä°nÅŸaat ve OnarÄ±m HakediÅŸ Bedelleri,354,,0,0,0,0,0,,31.0000000000,0,P,
1033,1,2,01.5.06,01.5,3,      06. YÄ±llara YaygÄ±n Ä°nÅŸaat ve OnarÄ±m HakediÅŸ Bedelleri,355,,0,0,0,0,0,,32.0000000000,0,P,
1034,1,2,01.5.07,01.5,3,      07. YÄ±llara YaygÄ±n Ä°nÅŸaat ve OnarÄ±m HakediÅŸ Bedelleri,356,,0,0,0,0,0,,33.0000000000,0,P,
1035,1,2,01.5.08,01.5,3,      08. YÄ±llara YaygÄ±n Ä°nÅŸaat ve OnarÄ±m HakediÅŸ Bedelleri,357,,0,0,0,0,0,,34.0000000000,0,P,
1036,1,2,01.5.09,01.5,3,      09. YÄ±llara YaygÄ±n Ä°nÅŸaat ve OnarÄ±m HakediÅŸ Bedelleri,358,,0,0,0,0,0,,35.0000000000,0,P,
1037,1,1,01.6,01,2,    F Ã–DENECEK VERGÄ° VE DÄ°Ä?ER YÃœKÃœMLÃœLÃœKLER,,,0,0,0,0,0,,36.0000000000,0,P,3031
1038,1,2,01.6.01,01.6,3,      01. Ã–denecek Vegi ve Fonlar,360,,0,0,0,0,0,,37.0000000000,0,P,3032
1039,1,2,01.6.02,01.6,3,      02. Ã–denecek Sosyal GÃ¼venlik Kesintileri,361,,0,0,0,0,0,,38.0000000000,0,P,3033
1040,1,2,01.6.03,01.6,3,      03. Vadesi GeÃ§miÅŸ ErtelenmiÅŸ Veya TaksitlendirilmiÅŸ Vergi ve DiÄŸer YÃ¼kÃ¼ml.,368,,0,0,0,0,0,,39.0000000000,0,P,3034
1041,1,2,01.6.04,01.6,3,      04. Ã–denecek DiÄŸer YÃ¼kÃ¼mlÃ¼lÃ¼kler,369,,0,0,0,0,0,,40.0000000000,0,P,3035
1042,1,1,01.7,01,2,    G BORÃ‡ VE GÄ°DER KARÅ?ILIKLARI,,,0,0,0,0,0,,41.0000000000,0,P,3036
1043,1,2,01.7.01,01.7,3,      01. DÃ¶nem KarÄ± Vergi ve DiÄŸer Yasal YÃ¼kÃ¼mlÃ¼lÃ¼k KarÅŸÄ±lÄ±klarÄ±,370,,0,0,0,0,0,,42.0000000000,0,P,3037
1044,1,2,01.7.02,01.7,3,      02. DÃ¶nem KarÄ±nÄ±n PeÅŸin Ã–denen Vergi ve DiÄŸer YÃ¼kÃ¼mlÃ¼lÃ¼kleri (-),371,,0,0,0,0,0,,43.0000000000,0,P,3038
1045,1,2,01.7.03,01.7,3,      03. KÄ±dem TazminatÄ± KarÅŸÄ±lÄ±ÄŸÄ±,372,,0,0,0,0,0,,44.0000000000,0,P,3039
1046,1,2,01.7.04,01.7,3,      04. Maliyet Giderleri KarÅŸÄ±lÄ±ÄŸÄ±,373,,0,0,0,0,0,,45.0000000000,0,P,3040
1047,1,2,01.7.05,01.7,3,      05. DiÄŸer BorÃ§ ve Gider KarÅŸÄ±lÄ±klarÄ±,379,,0,0,0,0,0,,46.0000000000,0,P,3041
1048,1,1,01.8,01,2,    H GELECEK AYLARA AÄ°T GELÄ°RLER VE GÄ°DER TAHAKKUKLARI ,,,0,0,0,0,0,,47.0000000000,0,P,3042
1049,1,2,01.8.01,01.8,3,      01. Gelecek Aylara Ait Gelirler,380,,0,0,0,0,0,,48.0000000000,0,P,3043
1050,1,2,01.8.02,01.8,3,      02. Gider TahakkuklarÄ±,381,,0,0,0,0,0,,49.0000000000,0,P,3044
1051,1,1,01.9,01,2,    J DÄ°Ä?ER KISA VADELÄ° YABANCI KAYNAKLAR,,,0,0,0,0,0,,50.0000000000,0,P,3045
1052,1,2,01.9.01,01.9,3,      01. Hesaplanan KDV,391,,0,0,0,0,0,,51.0000000000,0,P,3046
1053,1,2,01.9.02,01.9,3,      02. DiÄŸer KDV,392,,0,0,0,0,0,,52.0000000000,0,P,3047
1054,1,2,01.9.03,01.9,3,      03. Merkez ve Å?ubeler Cari HesabÄ±,393,,0,0,0,0,0,,53.0000000000,0,P,3048
1055,1,2,01.9.04,01.9,3,      04. SayÄ±m ve TesellÃ¼m FazlalarÄ±,397,,0,0,0,0,0,,54.0000000000,0,P,3049
1056,1,2,01.9.05,01.9,3,      05. DiÄŸer Ã‡eÅŸitli YabancÄ± Kaynaklar,399,,0,0,0,0,0,,55.0000000000,0,P,3050
1057,1,1,02,,1,   II- UZUN VADELÄ° YABANCI KAYNAKLAR,,,0,0,0,0,0,,56.0000000000,0,P,3051
1058,1,1,02.1,02,2,    A MALÄ° BORÃ‡LAR,,,0,0,0,0,0,,57.0000000000,0,P,3052
1059,1,2,02.1.01,02.1,3,      01. Banka Kredileri,400,,0,0,0,0,0,,58.0000000000,0,P,3053
1060,1,2,02.1.02,02.1,3,      02. Finansal Kiralama Ä°ÅŸlemlerinden DoÄŸan BorÃ§lar,401,,0,0,0,0,0,,58.0000000000,0,P,3054
1061,1,2,02.1.03,02.1,3,      03. ErtelenmiÅŸ Finansal Kiralama BorÃ§lanma Maliyetleri (-),402,,0,0,0,0,0,,58.0000000000,0,P,3055
1062,1,2,02.1.04,02.1,3,      04. Ã‡Ä±karÄ±lmÄ±ÅŸ Tahviller,405,,0,0,0,0,0,,59.0000000000,0,P,3056
1063,1,2,02.1.05,02.1,3,      05. Ã‡Ä±karÄ±lmÄ±ÅŸ DiÄŸer Menkul KÄ±ymetler,407,,0,0,0,0,0,,60.0000000000,0,P,3057
1064,1,2,02.1.06,02.1,3,      06. Menkul KÄ±ymetler Ä°hraÃ§ FarkÄ± (-),408,,0,0,0,0,0,,61.0000000000,0,P,3058
1065,1,2,02.1.07,02.1,3,      07. DiÄŸer Mali BorÃ§lar,409,,0,0,0,0,0,,62.0000000000,0,P,3059
1066,1,1,02.2,02,2,    B TÄ°CARÄ° BORÃ‡LAR,,,0,0,0,0,0,,63.0000000000,0,P,3060
1067,1,2,02.2.01,02.2,3,      01. SatÄ±cÄ±lar,420,,0,0,0,0,0,,64.0000000000,0,P,3061
1068,1,2,02.2.02,02.2,3,      02. BorÃ§ Senetleri,421,,0,0,0,0,0,,65.0000000000,0,P,3062
1069,1,2,02.2.03,02.2,3,      03. BorÃ§ Senetleri Reeskontu (-),422,,0,0,0,0,0,,66.0000000000,0,P,3063
1070,1,2,02.2.04,02.2,3,      04. AlÄ±nan Depozito ve Teminatlar,426,,0,0,0,0,0,,67.0000000000,0,P,3064
1071,1,2,02.2.05,02.2,3,      05. DiÄŸer Ticari BorÃ§lar,429,,0,0,0,0,0,,68.0000000000,0,P,3065
1072,1,1,02.3,02,2,    C DÄ°Ä?ER BORÃ‡LAR,,,0,0,0,0,0,,69.0000000000,0,P,3066
1073,1,2,02.3.01,02.3,3,      01. Ortaklara BorÃ§lar,431,,0,0,0,0,0,,70.0000000000,0,P,3067
1074,1,2,02.3.02,02.3,3,      02. Ä°ÅŸtiraklere BorÃ§lar,432,,0,0,0,0,0,,71.0000000000,0,P,3068
1075,1,2,02.3.03,02.3,3,      03. BaÄŸlÄ± OrtaklÄ±klara BorÃ§lar,433,,0,0,0,0,0,,72.0000000000,0,P,3069
1076,1,2,02.3.04,02.3,3,      04. DiÄŸer Ã‡eÅŸitli BorÃ§lar,436,,0,0,0,0,0,,73.0000000000,0,P,3070
1077,1,2,02.3.05,02.3,3,      05. DiÄŸer BorÃ§ Senetleri Reeskontu (-),437,,0,0,0,0,0,,74.0000000000,0,P,3071
1078,1,2,02.3.06,02.3,3,      06. Kamuya Olan ErtelenmiÅŸ Veya TaksitlendirilmiÅŸ BorÃ§lar,438,,0,0,0,0,0,,75.0000000000,0,P,3072
1079,1,1,02.4,02,2,    D ALINAN AVANSLAR,,,0,0,0,0,0,,76.0000000000,0,P,3073
1080,1,2,02.4.01,02.4,2,      01. AlÄ±nan SipariÅŸ AvanslarÄ± ,440,,0,0,0,0,0,,76.0000000000,0,P,3074
1081,1,2,02.4.02,02.4,2,      02. AlÄ±nan DiÄŸer AvanslarÄ±  ,449,,0,0,0,0,0,,76.0000000000,0,P,3075
1082,1,1,02.5,02,2,    E BORÃ‡ VE GÄ°DER KARÅ?ILIKLARI,,,0,0,0,0,0,,77.0000000000,0,P,3076
1083,1,2,02.5.01,02.5,3,      01. KÄ±dem TazminatÄ± KarÅŸÄ±lÄ±ÄŸÄ±,472,,0,0,0,0,0,,78.0000000000,0,P,3077
1084,1,2,02.5.02,02.5,3,      02. DiÄŸer BorÃ§ ve Gider KarÅŸÄ±lÄ±klarÄ±,479,,0,0,0,0,0,,79.0000000000,0,P,3078
1085,1,1,02.6,02,2,    F GELECEK YILLARA AÄ°T GELÄ°RLER VE GÄ°DER TAHAKKUKLARI,,,0,0,0,0,0,,80.0000000000,0,P,3079
1086,1,2,02.6.01,02.6,3,      01. Gelecek YÄ±llara Ait Gelirler,480,,0,0,0,0,0,,81.0000000000,0,P,3080
1087,1,2,02.6.02,02.6,3,      02. Gider TahakkuklarÄ±,481,,0,0,0,0,0,,82.0000000000,0,P,3081
1088,1,1,02.7,02,2,    G DÄ°Ä?ER UZUN VADELÄ° YABANCI KAYNAKLAR,,,0,0,0,0,0,,83.0000000000,0,P,3082
1089,1,2,02.7.01,02.7,3,      01. Gelecek YÄ±llara Ertelenen Veya Terkin Edilen Katma DeÄŸer Vergisi,492,,0,0,0,0,0,,84.0000000000,0,P,3083
1090,1,2,02.7.02,02.7,3,      02. Tesise KatÄ±lma PaylarÄ±,493,,0,0,0,0,0,,85.0000000000,0,P,3084
1091,1,2,02.7.03,02.7,3,      03. DiÄŸer Ã‡eÅŸitli Uzun Vadeli YabancÄ± Kaynaklar,499,,0,0,0,0,0,,86.0000000000,0,P,3085
1092,1,1,03,,1,  III- Ã–ZKAYNAKLAR,,,0,0,0,0,0,,87.0000000000,0,P,3086
1093,1,1,03.1,03,2,    A Ã–DENMÄ°Å? SERMAYE ,,,0,0,0,0,0,,88.0000000000,0,P,3087
1094,1,2,03.1.01,03.1,3,      01. Sermaye,500,,0,0,0,0,0,,89.0000000000,0,P,3088
1095,1,2,03.1.02,03.1,3,      02. Ã–denmemiÅŸ Sermaye (-),501,,0,0,0,0,0,,90.0000000000,0,P,3089
1096,1,2,03.1.03,03.1,3,      03. Enf.DÃ¼zeltmesi Olumlu FarklarÄ±,502,,0,0,0,0,0,,90.0000000000,0,P,3090
1097,1,2,03.1.04,03.1,3,      04. Enf.DÃ¼zeltmesi Olumsuz FarklarÄ± (-),503,,0,0,0,0,0,,90.0000000000,0,P,3091
1098,1,1,03.2,03,2,    B SERMAYE YEDEKLERÄ°,,,0,0,0,0,0,,91.0000000000,0,P,3092
1099,1,2,03.2.01,03.2,3,      01. Hisse Senetleri Ä°hraÃ§ Primleri,520,,0,0,0,0,0,,92.0000000000,0,P,3093
1100,1,2,03.2.02,03.2,3,      02. Hisse Senedi Ä°ptal KarlarÄ±,521,,0,0,0,0,0,,93.0000000000,0,P,3094
1101,1,2,03.2.03,03.2,3,      03. M.D.V. Yeniden DeÄŸerleme ArtÄ±ÅŸlarÄ±,522,,0,0,0,0,0,,94.0000000000,0,P,3095
1102,1,2,03.2.04,03.2,3,      04. Ä°ÅŸtirakler Yeniden DeÄŸerleme ArtÄ±ÅŸlarÄ±,523,,0,0,0,0,0,,95.0000000000,0,P,3096
1103,1,2,03.2.05,03.2,3,      05. DiÄŸer Sermaye Yedekleri,529,,0,0,0,0,0,,96.0000000000,0,P,3097
1104,1,1,03.3,03,2,    C KAR YEDEKLERÄ°,,,0,0,0,0,0,,97.0000000000,0,P,3098
1105,1,2,03.3.01,03.3,3,      01. Yasal Yedekler,540,,0,0,0,0,0,,98.0000000000,0,P,3099
1106,1,2,03.3.02,03.3,3,      02. StatÃ¼ Yedekleri,541,,0,0,0,0,0,,99.0000000000,0,P,3100
1107,1,2,03.3.03,03.3,3,      03. OlaÄŸanÃ¼stÃ¼ Yedekler,542,,0,0,0,0,0,,100.0000000000,0,P,3101
1108,1,2,03.3.04,03.3,3,      04. DiÄŸer Kar Yedekleri,548,,0,0,0,0,0,,101.0000000000,0,P,3102
1109,1,2,03.3.05,03.3,3,      05. Ã–zel Fonlar,549,,0,0,0,0,0,,102.0000000000,0,P,3103
1110,1,2,03.4,03,2,    D GEÃ‡MÄ°Å? YILLAR KARLARI,570,,0,0,0,0,0,,103.0000000000,0,P,3104
1111,1,2,03.5,03,2,    E GEÃ‡MÄ°Å? YILLAR ZARARLARI (-),580,,0,0,0,0,0,,105.0000000000,0,P,3106
1112,1,1,03.6,03,2,    F DÃ–NEM NET KARI (ZARARI),,,0,0,0,0,0,,107.0000000000,0,P,3108
1113,1,2,03.6.01,03.6,3,      01. DÃ¶nem Net KarÄ±,590,,0,0,0,0,0,,108.0000000000,0,P,3109
1114,1,2,03.6.02,03.6,3,      02. DÃ¶nem Net ZararÄ± (-),591,,0,0,0,0,0,,109.0000000000,0,P,3110
1115,1,7,,,0,PASÄ°FLER TOPLAMI,,,0,0,0,0,0,,110.0000000000,0,P,3111
1116,1,9,,,0,------------------------------------------------------------------------------------------------------,,,0,0,0,0,0,,111.0000000000,0,P,
1117,1,2,03.4.01,03.4,3,     01. GeÃ§miÅŸ YÄ±l KarlarÄ±,570,,0,0,0,0,0,,104.0000000000,0,P,3105
1118,1,2,03.5.01,03.5,3,     01. GeÃ§miÅŸ YÄ±llar ZararlarÄ±(-),580,,0,0,0,0,0,,106.0000000000,0,P,3107
1119,21,1,01,,1,KVK m.11 hükümlerine göre kabul edilmeyen indirimler (KVK m. 11/1-i finansman gider kısıtlaması hariç),,,0,0,0,0,0,,1.0000000000,0,,1
1120,21,1,01,,1,KVK m.11 hükümlerine göre kabul edilmeyen indirimler (KVK m. 11/1-i finansman gider kısıtlaması),,,0,0,0,0,0,,2.0000000000,0,,18
1121,21,1,01,,1,VUK hükümlerine aykırı olarak ayrılan karşılıklar,,,0,0,0,0,0,,3.0000000000,0,,2
1122,21,1,01,,1,VUK hükümlerine aykırı olarak ayrılan reeskontlar,,,0,0,0,0,0,,4.0000000000,0,,3
1123,21,1,01,,1,VUK hükümlerine aykırı olarak ayrılan amortismanlar,,,0,0,0,0,0,,5.0000000000,0,,4
1124,21,1,01,,1,5510 sayılı Kanun m.88 kapsamındaki kanunen kabul edilmeyen giderler,,,0,0,0,0,0,,6.0000000000,0,,5
1125,21,1,01,,1,Bağış ve yardımlar,,,0,0,0,0,0,,7.0000000000,0,,7
1126,21,1,01,,1,GVK m.75 uyarınca yönetim kurulu üyelerine ödenen kar payları,,,0,0,0,0,0,,8.0000000000,0,,8
1127,21,1,01,,1,KDV Kanunu m.30/d uyarınca indirilemeyen KDV tutarı,,,0,0,0,0,0,,9.0000000000,0,,9
1128,21,1,01,,1,6802 sayılı Gider Vergileri Kanunu uyarınca gider yazılan özel iletişim vergisi,,,0,0,0,0,0,,10.0000000000,0,,10
1129,21,1,01,,1,MTV Kanunu m.14 uyarınca gider kaydedilen MTV'ler,,,0,0,0,0,0,,11.0000000000,0,,11
1130,21,1,01,,1,İstisna faaliyetlerden/işlemlerden doğan zararlar,,,0,0,0,0,0,,12.0000000000,0,,12
1131,21,1,01,,1,"G.V.K 40. Mad. gereği binek otomobil gider, amortisman ve kiralarının gider yazılmasına ilişkin sınırlama kapsamında oluşan KKEG",,,0,0,0,0,0,,13.0000000000,0,,17
1132,21,1,01,,1,7326 sayılı Kanun kapsamında oluşan KKEG,,,0,0,0,0,0,,14.0000000000,0,,19
1133,21,1,01,,1,7440 s.K. kapsamında oluşan KKEG,,,0,0,0,0,0,,15.0000000000,0,,20
1134,21,1,01,,1,TOPLAM,,,0,0,0,0,0,,16.0000000000,0,,14
